observation_id,source_id,capture_version,city,barangay,location_raw,status,observation_at,clock_precision,clock_evidence,evidence_lines,evidence,light_vehicle_passability,raw_depth,source_url,capture_path,capture_sha256,source_claim_reviewed,independent_capture_review_completed,historical_availability_verified,production_training_admitted,review_notes
OBS-22b0cbee421d129b,PASIG-20241024-2330,d6b4473bfbdc,Pasig,Dela Paz,"• Karangalan Phase 2, Brgy. Dela Paz",flood_observed,2024-10-24T23:30:00+08:00,minute,"October 24, 2024 | as of 11:30PM",4;5;6,"October 24, 2024 | as of 11:30PM | Please be advised that the following roads are NOT PASSABLE to light vehicles due to significant flooding in the area: | • Karangalan Phase 2, Brgy. Dela Paz",not_passable,,https://pasigcity.gov.ph/news-and-releases/flood-update-severe-tropical-storm-kristine-october-24-2024-912,docs/evaluations/pasig-clearance-followup-20261007/official/sources/PASIG-20241024-2330.d6b4473bfbdc.txt,d097c4304b6b9e07ab532fb6345c91d662ea66da84b428e0f58180d0dc3bf3b5,true,true,false,false,Multi-road/group source labels remain unsplit; a road name is not a verified spatial section.
OBS-420f01854cd294a0,PASIG-20241024-2330,d6b4473bfbdc,Pasig,Pinagbuhatan,"• Greenwoods Ave. cor. Sandoval Ave., Brgy. Pinagbuhatan",flood_observed,2024-10-24T23:30:00+08:00,minute,"October 24, 2024 | as of 11:30PM",4;5;7,"October 24, 2024 | as of 11:30PM | Please be advised that the following roads are NOT PASSABLE to light vehicles due to significant flooding in the area: | • Greenwoods Ave. cor. Sandoval Ave., Brgy. Pinagbuhatan",not_passable,,https://pasigcity.gov.ph/news-and-releases/flood-update-severe-tropical-storm-kristine-october-24-2024-912,docs/evaluations/pasig-clearance-followup-20261007/official/sources/PASIG-20241024-2330.d6b4473bfbdc.txt,d097c4304b6b9e07ab532fb6345c91d662ea66da84b428e0f58180d0dc3bf3b5,true,true,false,false,Multi-road/group source labels remain unsplit; a road name is not a verified spatial section.
OBS-2df1ca2522a845bf,PASIG-20241024-2330,d6b4473bfbdc,Pasig,Pinagbuhatan,"• Pinalad Road (and inner streets - Kaimito St, JP Riza St., and Durian St.), Brgy. Pinagbuhatan",flood_observed,2024-10-24T23:30:00+08:00,minute,"October 24, 2024 | as of 11:30PM",4;5;8,"October 24, 2024 | as of 11:30PM | Please be advised that the following roads are NOT PASSABLE to light vehicles due to significant flooding in the area: | • Pinalad Road (and inner streets - Kaimito St, JP Riza St., and Durian St.), Brgy. Pinagbuhatan",not_passable,,https://pasigcity.gov.ph/news-and-releases/flood-update-severe-tropical-storm-kristine-october-24-2024-912,docs/evaluations/pasig-clearance-followup-20261007/official/sources/PASIG-20241024-2330.d6b4473bfbdc.txt,d097c4304b6b9e07ab532fb6345c91d662ea66da84b428e0f58180d0dc3bf3b5,true,true,false,false,Multi-road/group source labels remain unsplit; a road name is not a verified spatial section.
OBS-9c29709d76e4e717,PASIG-20241024-2330,d6b4473bfbdc,Pasig,,"• Market Ave., (vicinity of Mutya ng Pasig Mega Market)",flood_observed,2024-10-24T23:30:00+08:00,minute,"October 24, 2024 | as of 11:30PM",4;5;9,"October 24, 2024 | as of 11:30PM | Please be advised that the following roads are NOT PASSABLE to light vehicles due to significant flooding in the area: | • Market Ave., (vicinity of Mutya ng Pasig Mega Market)",not_passable,,https://pasigcity.gov.ph/news-and-releases/flood-update-severe-tropical-storm-kristine-october-24-2024-912,docs/evaluations/pasig-clearance-followup-20261007/official/sources/PASIG-20241024-2330.d6b4473bfbdc.txt,d097c4304b6b9e07ab532fb6345c91d662ea66da84b428e0f58180d0dc3bf3b5,true,true,false,false,Multi-road/group source labels remain unsplit; a road name is not a verified spatial section.
OBS-6d19b698a003f3ac,PASIG-20241024-2330,d6b4473bfbdc,Pasig,Pinagbuhatan,"• Urbano Velasco Ave., Brgy. Pinagbuhatan",flood_observed,2024-10-24T23:30:00+08:00,minute,"October 24, 2024 | as of 11:30PM",4;5;10,"October 24, 2024 | as of 11:30PM | Please be advised that the following roads are NOT PASSABLE to light vehicles due to significant flooding in the area: | • Urbano Velasco Ave., Brgy. Pinagbuhatan",not_passable,,https://pasigcity.gov.ph/news-and-releases/flood-update-severe-tropical-storm-kristine-october-24-2024-912,docs/evaluations/pasig-clearance-followup-20261007/official/sources/PASIG-20241024-2330.d6b4473bfbdc.txt,d097c4304b6b9e07ab532fb6345c91d662ea66da84b428e0f58180d0dc3bf3b5,true,true,false,false,Multi-road/group source labels remain unsplit; a road name is not a verified spatial section.
OBS-d32879977b8dcace,PASIG-20241024-2330,d6b4473bfbdc,Pasig,Maybunga,"• Jenny's Ave. cor. Legaspi, Brgy, Maybunga",flood_observed,2024-10-24T23:30:00+08:00,minute,"October 24, 2024 | as of 11:30PM",4;5;11,"October 24, 2024 | as of 11:30PM | Please be advised that the following roads are NOT PASSABLE to light vehicles due to significant flooding in the area: | • Jenny's Ave. cor. Legaspi, Brgy, Maybunga",not_passable,,https://pasigcity.gov.ph/news-and-releases/flood-update-severe-tropical-storm-kristine-october-24-2024-912,docs/evaluations/pasig-clearance-followup-20261007/official/sources/PASIG-20241024-2330.d6b4473bfbdc.txt,d097c4304b6b9e07ab532fb6345c91d662ea66da84b428e0f58180d0dc3bf3b5,true,true,false,false,Multi-road/group source labels remain unsplit; a road name is not a verified spatial section.
OBS-a55c5e5b3a36e950,PASIG-20241024-2330,d6b4473bfbdc,Pasig,Rosario,"• Dabba, Paraluman St., Bathaluman St., Brgy. Rosario",flood_observed,2024-10-24T23:30:00+08:00,minute,"October 24, 2024 | as of 11:30PM",4;5;12,"October 24, 2024 | as of 11:30PM | Please be advised that the following roads are NOT PASSABLE to light vehicles due to significant flooding in the area: | • Dabba, Paraluman St., Bathaluman St., Brgy. Rosario",not_passable,,https://pasigcity.gov.ph/news-and-releases/flood-update-severe-tropical-storm-kristine-october-24-2024-912,docs/evaluations/pasig-clearance-followup-20261007/official/sources/PASIG-20241024-2330.d6b4473bfbdc.txt,d097c4304b6b9e07ab532fb6345c91d662ea66da84b428e0f58180d0dc3bf3b5,true,true,false,false,Multi-road/group source labels remain unsplit; a road name is not a verified spatial section.
OBS-db3909325fd9820e,PASIG-20241024-2330,d6b4473bfbdc,Pasig,San Miguel,"• M. Eusebio Ave., Brgy. San Miguel",flood_observed,2024-10-24T23:30:00+08:00,minute,"October 24, 2024 | as of 11:30PM",4;5;13,"October 24, 2024 | as of 11:30PM | Please be advised that the following roads are NOT PASSABLE to light vehicles due to significant flooding in the area: | • M. Eusebio Ave., Brgy. San Miguel",not_passable,,https://pasigcity.gov.ph/news-and-releases/flood-update-severe-tropical-storm-kristine-october-24-2024-912,docs/evaluations/pasig-clearance-followup-20261007/official/sources/PASIG-20241024-2330.d6b4473bfbdc.txt,d097c4304b6b9e07ab532fb6345c91d662ea66da84b428e0f58180d0dc3bf3b5,true,true,false,false,Multi-road/group source labels remain unsplit; a road name is not a verified spatial section.
OBS-1c6d47674460dd25,PASIG-20241024-2330,d6b4473bfbdc,Pasig,San Nicolas,"• Caruncho Ave., Brgy. San Nicolas (in front of Pasig City Hall)",flood_observed,2024-10-24T23:30:00+08:00,minute,"October 24, 2024 | as of 11:30PM",4;5;14,"October 24, 2024 | as of 11:30PM | Please be advised that the following roads are NOT PASSABLE to light vehicles due to significant flooding in the area: | • Caruncho Ave., Brgy. San Nicolas (in front of Pasig City Hall)",not_passable,,https://pasigcity.gov.ph/news-and-releases/flood-update-severe-tropical-storm-kristine-october-24-2024-912,docs/evaluations/pasig-clearance-followup-20261007/official/sources/PASIG-20241024-2330.d6b4473bfbdc.txt,d097c4304b6b9e07ab532fb6345c91d662ea66da84b428e0f58180d0dc3bf3b5,true,true,false,false,Multi-road/group source labels remain unsplit; a road name is not a verified spatial section.
OBS-bd7993809d2290de,PASIG-20241024-2330,d6b4473bfbdc,Pasig,Ugong,"• Eagles St. cor E. Rodriguez Ave., Brgy. Ugong",flood_observed,2024-10-24T23:30:00+08:00,minute,"October 24, 2024 | as of 11:30PM",4;5;15,"October 24, 2024 | as of 11:30PM | Please be advised that the following roads are NOT PASSABLE to light vehicles due to significant flooding in the area: | • Eagles St. cor E. Rodriguez Ave., Brgy. Ugong",not_passable,,https://pasigcity.gov.ph/news-and-releases/flood-update-severe-tropical-storm-kristine-october-24-2024-912,docs/evaluations/pasig-clearance-followup-20261007/official/sources/PASIG-20241024-2330.d6b4473bfbdc.txt,d097c4304b6b9e07ab532fb6345c91d662ea66da84b428e0f58180d0dc3bf3b5,true,true,false,false,Multi-road/group source labels remain unsplit; a road name is not a verified spatial section.
OBS-c270202fd3b1fa61,PASIG-20241024-2330,d6b4473bfbdc,Pasig,Pinagbuhatan,"• Greenwoods Ave. cor. Sandoval Ave., Brgy. Pinagbuhatan",flood_observed,2024-10-24T21:15:00+08:00,minute,"October 24, 2024 | as of 09:15PM",22;23;24,"October 24, 2024 | as of 09:15PM | Please be advised that the following roads are NOT PASSABLE to light vehicles due to significant flooding in the area: | • Greenwoods Ave. cor. Sandoval Ave., Brgy. Pinagbuhatan",not_passable,,https://pasigcity.gov.ph/news-and-releases/flood-update-severe-tropical-storm-kristine-october-24-2024-912,docs/evaluations/pasig-clearance-followup-20261007/official/sources/PASIG-20241024-2330.d6b4473bfbdc.txt,d097c4304b6b9e07ab532fb6345c91d662ea66da84b428e0f58180d0dc3bf3b5,true,true,false,false,Multi-road/group source labels remain unsplit; a road name is not a verified spatial section.
OBS-e762d5f2189929d7,PASIG-20241024-2330,d6b4473bfbdc,Pasig,,"• Market Ave., (vicinity of Mutya ng Pasig Mega Market)",flood_observed,2024-10-24T21:15:00+08:00,minute,"October 24, 2024 | as of 09:15PM",22;23;25,"October 24, 2024 | as of 09:15PM | Please be advised that the following roads are NOT PASSABLE to light vehicles due to significant flooding in the area: | • Market Ave., (vicinity of Mutya ng Pasig Mega Market)",not_passable,,https://pasigcity.gov.ph/news-and-releases/flood-update-severe-tropical-storm-kristine-october-24-2024-912,docs/evaluations/pasig-clearance-followup-20261007/official/sources/PASIG-20241024-2330.d6b4473bfbdc.txt,d097c4304b6b9e07ab532fb6345c91d662ea66da84b428e0f58180d0dc3bf3b5,true,true,false,false,Multi-road/group source labels remain unsplit; a road name is not a verified spatial section.
OBS-a8d21dea2025be4e,PASIG-20241024-2330,d6b4473bfbdc,Pasig,Pinagbuhatan,"• Urbano Velasco Ave., Brgy. Pinagbuhatan",flood_observed,2024-10-24T21:15:00+08:00,minute,"October 24, 2024 | as of 09:15PM",22;23;26,"October 24, 2024 | as of 09:15PM | Please be advised that the following roads are NOT PASSABLE to light vehicles due to significant flooding in the area: | • Urbano Velasco Ave., Brgy. Pinagbuhatan",not_passable,,https://pasigcity.gov.ph/news-and-releases/flood-update-severe-tropical-storm-kristine-october-24-2024-912,docs/evaluations/pasig-clearance-followup-20261007/official/sources/PASIG-20241024-2330.d6b4473bfbdc.txt,d097c4304b6b9e07ab532fb6345c91d662ea66da84b428e0f58180d0dc3bf3b5,true,true,false,false,Multi-road/group source labels remain unsplit; a road name is not a verified spatial section.
OBS-8338f7a50e6cb1e3,PASIG-20241024-2330,d6b4473bfbdc,Pasig,San Miguel,"• M. Eusebio Ave., Brgy. San Miguel",flood_observed,2024-10-24T21:15:00+08:00,minute,"October 24, 2024 | as of 09:15PM",22;23;27,"October 24, 2024 | as of 09:15PM | Please be advised that the following roads are NOT PASSABLE to light vehicles due to significant flooding in the area: | • M. Eusebio Ave., Brgy. San Miguel",not_passable,,https://pasigcity.gov.ph/news-and-releases/flood-update-severe-tropical-storm-kristine-october-24-2024-912,docs/evaluations/pasig-clearance-followup-20261007/official/sources/PASIG-20241024-2330.d6b4473bfbdc.txt,d097c4304b6b9e07ab532fb6345c91d662ea66da84b428e0f58180d0dc3bf3b5,true,true,false,false,Multi-road/group source labels remain unsplit; a road name is not a verified spatial section.
OBS-9d8dbbc92ba8295a,PASIG-20241024-2330,d6b4473bfbdc,Pasig,San Nicolas,"• Caruncho Ave., Brgy. San Nicolas (in front of Pasig City Hall)",flood_observed,2024-10-24T21:15:00+08:00,minute,"October 24, 2024 | as of 09:15PM",22;23;28,"October 24, 2024 | as of 09:15PM | Please be advised that the following roads are NOT PASSABLE to light vehicles due to significant flooding in the area: | • Caruncho Ave., Brgy. San Nicolas (in front of Pasig City Hall)",not_passable,,https://pasigcity.gov.ph/news-and-releases/flood-update-severe-tropical-storm-kristine-october-24-2024-912,docs/evaluations/pasig-clearance-followup-20261007/official/sources/PASIG-20241024-2330.d6b4473bfbdc.txt,d097c4304b6b9e07ab532fb6345c91d662ea66da84b428e0f58180d0dc3bf3b5,true,true,false,false,Multi-road/group source labels remain unsplit; a road name is not a verified spatial section.
OBS-9eb86f835d2fe51e,PASIG-20241024-2330,d6b4473bfbdc,Pasig,Ugong,"• Eagles St. cor E. Rodriguez Ave., Brgy. Ugong",flood_observed,2024-10-24T21:15:00+08:00,minute,"October 24, 2024 | as of 09:15PM",22;23;29,"October 24, 2024 | as of 09:15PM | Please be advised that the following roads are NOT PASSABLE to light vehicles due to significant flooding in the area: | • Eagles St. cor E. Rodriguez Ave., Brgy. Ugong",not_passable,,https://pasigcity.gov.ph/news-and-releases/flood-update-severe-tropical-storm-kristine-october-24-2024-912,docs/evaluations/pasig-clearance-followup-20261007/official/sources/PASIG-20241024-2330.d6b4473bfbdc.txt,d097c4304b6b9e07ab532fb6345c91d662ea66da84b428e0f58180d0dc3bf3b5,true,true,false,false,Multi-road/group source labels remain unsplit; a road name is not a verified spatial section.
OBS-01e6e627b18bcef0,PASIG-20241025-0230,cfcb88b46186,Pasig,Dela Paz,"• Multipurpose, Karangalan, Brgy. Dela Paz",flood_observed,2024-10-25T01:00:00+08:00,minute,"October 25, 2024 | as of 01:00AM",10;11;12,"October 25, 2024 | as of 01:00AM | Please be advised that the following roads are NOT PASSABLE to light vehicles due to significant flooding in the area: | • Multipurpose, Karangalan, Brgy. Dela Paz",not_passable,,https://pasigcity.gov.ph/news-and-releases/flood-update-severe-tropical-storm-kristine-october-25-2024-540,docs/evaluations/pasig-clearance-followup-20261007/official/sources/PASIG-20241025-0230.cfcb88b46186.txt,4fd3604175f58a0793199b6f2e4953178627c5e4a2dd82efbdb0c32eb258e2e4,true,true,false,false,Multi-road/group source labels remain unsplit; a road name is not a verified spatial section.
OBS-0422e9de2c844be5,PASIG-20241025-0230,cfcb88b46186,Pasig,Pinagbuhatan,"• Greenwoods Ave. cor. Sandoval Ave., Brgy. Pinagbuhatan",flood_observed,2024-10-25T01:00:00+08:00,minute,"October 25, 2024 | as of 01:00AM",10;11;13,"October 25, 2024 | as of 01:00AM | Please be advised that the following roads are NOT PASSABLE to light vehicles due to significant flooding in the area: | • Greenwoods Ave. cor. Sandoval Ave., Brgy. Pinagbuhatan",not_passable,,https://pasigcity.gov.ph/news-and-releases/flood-update-severe-tropical-storm-kristine-october-25-2024-540,docs/evaluations/pasig-clearance-followup-20261007/official/sources/PASIG-20241025-0230.cfcb88b46186.txt,4fd3604175f58a0793199b6f2e4953178627c5e4a2dd82efbdb0c32eb258e2e4,true,true,false,false,Multi-road/group source labels remain unsplit; a road name is not a verified spatial section.
OBS-24a6a466f4f9f828,PASIG-20241025-0230,cfcb88b46186,Pasig,Pinagbuhatan,"• Pinalad Road (and inner streets - Kaimito St, JP Riza St., and Durian St.), Brgy. Pinagbuhatan",flood_observed,2024-10-25T01:00:00+08:00,minute,"October 25, 2024 | as of 01:00AM",10;11;14,"October 25, 2024 | as of 01:00AM | Please be advised that the following roads are NOT PASSABLE to light vehicles due to significant flooding in the area: | • Pinalad Road (and inner streets - Kaimito St, JP Riza St., and Durian St.), Brgy. Pinagbuhatan",not_passable,,https://pasigcity.gov.ph/news-and-releases/flood-update-severe-tropical-storm-kristine-october-25-2024-540,docs/evaluations/pasig-clearance-followup-20261007/official/sources/PASIG-20241025-0230.cfcb88b46186.txt,4fd3604175f58a0793199b6f2e4953178627c5e4a2dd82efbdb0c32eb258e2e4,true,true,false,false,Multi-road/group source labels remain unsplit; a road name is not a verified spatial section.
OBS-3cb39c539681a4f1,PASIG-20241025-0230,cfcb88b46186,Pasig,Pinagbuhatan,"• Urbano Velasco Ave., Brgy. Pinagbuhatan",flood_observed,2024-10-25T01:00:00+08:00,minute,"October 25, 2024 | as of 01:00AM",10;11;15,"October 25, 2024 | as of 01:00AM | Please be advised that the following roads are NOT PASSABLE to light vehicles due to significant flooding in the area: | • Urbano Velasco Ave., Brgy. Pinagbuhatan",not_passable,,https://pasigcity.gov.ph/news-and-releases/flood-update-severe-tropical-storm-kristine-october-25-2024-540,docs/evaluations/pasig-clearance-followup-20261007/official/sources/PASIG-20241025-0230.cfcb88b46186.txt,4fd3604175f58a0793199b6f2e4953178627c5e4a2dd82efbdb0c32eb258e2e4,true,true,false,false,Multi-road/group source labels remain unsplit; a road name is not a verified spatial section.
OBS-841fcc2723e9c151,PASIG-20241025-0230,cfcb88b46186,Pasig,Rosario,"• Dabba, Paraluman St., Bathaluman St., Brgy. Rosario",flood_observed,2024-10-25T01:00:00+08:00,minute,"October 25, 2024 | as of 01:00AM",10;11;16,"October 25, 2024 | as of 01:00AM | Please be advised that the following roads are NOT PASSABLE to light vehicles due to significant flooding in the area: | • Dabba, Paraluman St., Bathaluman St., Brgy. Rosario",not_passable,,https://pasigcity.gov.ph/news-and-releases/flood-update-severe-tropical-storm-kristine-october-25-2024-540,docs/evaluations/pasig-clearance-followup-20261007/official/sources/PASIG-20241025-0230.cfcb88b46186.txt,4fd3604175f58a0793199b6f2e4953178627c5e4a2dd82efbdb0c32eb258e2e4,true,true,false,false,Multi-road/group source labels remain unsplit; a road name is not a verified spatial section.
OBS-345f2acfb7aaf371,PASIG-20241025-0230,cfcb88b46186,Pasig,San Miguel,"• M. Eusebio Ave., Brgy. San Miguel",flood_observed,2024-10-25T01:00:00+08:00,minute,"October 25, 2024 | as of 01:00AM",10;11;17,"October 25, 2024 | as of 01:00AM | Please be advised that the following roads are NOT PASSABLE to light vehicles due to significant flooding in the area: | • M. Eusebio Ave., Brgy. San Miguel",not_passable,,https://pasigcity.gov.ph/news-and-releases/flood-update-severe-tropical-storm-kristine-october-25-2024-540,docs/evaluations/pasig-clearance-followup-20261007/official/sources/PASIG-20241025-0230.cfcb88b46186.txt,4fd3604175f58a0793199b6f2e4953178627c5e4a2dd82efbdb0c32eb258e2e4,true,true,false,false,Multi-road/group source labels remain unsplit; a road name is not a verified spatial section.
OBS-9462a727e22377a2,PASIG-20241025-0230,cfcb88b46186,Pasig,San Nicolas,"• Caruncho Ave., (in front of Pasig City Hall) Brgy. San Nicolas",flood_observed,2024-10-25T01:00:00+08:00,minute,"October 25, 2024 | as of 01:00AM",10;11;18,"October 25, 2024 | as of 01:00AM | Please be advised that the following roads are NOT PASSABLE to light vehicles due to significant flooding in the area: | • Caruncho Ave., (in front of Pasig City Hall) Brgy. San Nicolas",not_passable,,https://pasigcity.gov.ph/news-and-releases/flood-update-severe-tropical-storm-kristine-october-25-2024-540,docs/evaluations/pasig-clearance-followup-20261007/official/sources/PASIG-20241025-0230.cfcb88b46186.txt,4fd3604175f58a0793199b6f2e4953178627c5e4a2dd82efbdb0c32eb258e2e4,true,true,false,false,Multi-road/group source labels remain unsplit; a road name is not a verified spatial section.
OBS-8d475134ca9020c2,PASIG-20241025-0230,cfcb88b46186,Pasig,Ugong,"• Eagles St. cor E. Rodriguez Ave., Brgy. Ugong",flood_observed,2024-10-25T01:00:00+08:00,minute,"October 25, 2024 | as of 01:00AM",10;11;19,"October 25, 2024 | as of 01:00AM | Please be advised that the following roads are NOT PASSABLE to light vehicles due to significant flooding in the area: | • Eagles St. cor E. Rodriguez Ave., Brgy. Ugong",not_passable,,https://pasigcity.gov.ph/news-and-releases/flood-update-severe-tropical-storm-kristine-october-25-2024-540,docs/evaluations/pasig-clearance-followup-20261007/official/sources/PASIG-20241025-0230.cfcb88b46186.txt,4fd3604175f58a0793199b6f2e4953178627c5e4a2dd82efbdb0c32eb258e2e4,true,true,false,false,Multi-road/group source labels remain unsplit; a road name is not a verified spatial section.
OBS-d7b78c0c7718a7b9,PASIG-20240903-1200,ddd5f1330fa2,Pasig,Dela Paz,"Kabutihan St, Brgy. Dela Paz",flood_observed,2024-09-03T02:00:00+08:00,minute,"September 3, 2024 | 02:00AM",28;29;30,"September 3, 2024 | 02:00AM | Please be advised that the following roads are NOT PASSABLE to light vehicles due to significant flooding in the areas: | - Kabutihan St, Brgy. Dela Paz",not_passable,,https://pasigcity.gov.ph/news-and-releases/flood-update-september-3-2024-201,docs/evaluations/pasig-clearance-followup-20261007/official/sources/PASIG-20240903-1200.ddd5f1330fa2.txt,0ad495d79064be3389538a0ec30cd95e9f88b245ecbef8fe5f7f4ce705316b7c,true,true,false,false,Multi-road/group source labels remain unsplit; a road name is not a verified spatial section.
OBS-8feeba9b7678b412,PASIG-20240903-1200,ddd5f1330fa2,Pasig,Manggahan,"Infant Jesus St., Metroville, Brgy. Manggahan",flood_observed,2024-09-03T02:00:00+08:00,minute,"September 3, 2024 | 02:00AM",28;29;31,"September 3, 2024 | 02:00AM | Please be advised that the following roads are NOT PASSABLE to light vehicles due to significant flooding in the areas: | - Infant Jesus St., Metroville, Brgy. Manggahan",not_passable,,https://pasigcity.gov.ph/news-and-releases/flood-update-september-3-2024-201,docs/evaluations/pasig-clearance-followup-20261007/official/sources/PASIG-20240903-1200.ddd5f1330fa2.txt,0ad495d79064be3389538a0ec30cd95e9f88b245ecbef8fe5f7f4ce705316b7c,true,true,false,false,Multi-road/group source labels remain unsplit; a road name is not a verified spatial section.
OBS-694d7676dc41dfdd,PASIG-20240903-1200,ddd5f1330fa2,Pasig,Dela Paz,"Kabutihan St, Brgy. Dela Paz",flood_observed,2024-09-03T06:00:00+08:00,minute,"September 3, 2024 | 06:00AM",19;20;21,"September 3, 2024 | 06:00AM | Please be advised that the following roads are NOT PASSABLE to light vehicles due to significant flooding in the areas: | - Kabutihan St, Brgy. Dela Paz",not_passable,,https://pasigcity.gov.ph/news-and-releases/flood-update-september-3-2024-201,docs/evaluations/pasig-clearance-followup-20261007/official/sources/PASIG-20240903-1200.ddd5f1330fa2.txt,0ad495d79064be3389538a0ec30cd95e9f88b245ecbef8fe5f7f4ce705316b7c,true,true,false,false,Multi-road/group source labels remain unsplit; a road name is not a verified spatial section.
OBS-49a5b4ae0bfc753e,PASIG-20240903-1200,ddd5f1330fa2,Pasig,Manggahan,"Infant Jesus St., Metroville, Brgy. Manggahan",flood_observed,2024-09-03T06:00:00+08:00,minute,"September 3, 2024 | 06:00AM",19;20;22,"September 3, 2024 | 06:00AM | Please be advised that the following roads are NOT PASSABLE to light vehicles due to significant flooding in the areas: | - Infant Jesus St., Metroville, Brgy. Manggahan",not_passable,,https://pasigcity.gov.ph/news-and-releases/flood-update-september-3-2024-201,docs/evaluations/pasig-clearance-followup-20261007/official/sources/PASIG-20240903-1200.ddd5f1330fa2.txt,0ad495d79064be3389538a0ec30cd95e9f88b245ecbef8fe5f7f4ce705316b7c,true,true,false,false,Multi-road/group source labels remain unsplit; a road name is not a verified spatial section.
OBS-3240262927a461f2,PASIG-20240903-1200,ddd5f1330fa2,Pasig,Manggahan,"Infant Jesus St., Metroville, Brgy. Manggahan",flood_observed,2024-09-03T09:00:00+08:00,minute,"September 3, 2024 | 09:00AM",11;12,"September 3, 2024 | 09:00AM | Please be advised that Infant Jesus St., Metroville in Brgy. Manggahan remains NOT PASSABLE to light vehicles due to significant flooding in the area.",not_passable,,https://pasigcity.gov.ph/news-and-releases/flood-update-september-3-2024-201,docs/evaluations/pasig-clearance-followup-20261007/official/sources/PASIG-20240903-1200.ddd5f1330fa2.txt,0ad495d79064be3389538a0ec30cd95e9f88b245ecbef8fe5f7f4ce705316b7c,true,true,false,false,Multi-road/group source labels remain unsplit; a road name is not a verified spatial section.
OBS-9d91ae7f3868be36,PASIG-20241025-0230,cfcb88b46186,Pasig,,all areas in retained reported list,passability_recovered_summary,2024-10-25T02:30:00+08:00,minute,"October 25, 2024 | as of 02:30AM",3;4,"October 25, 2024 | as of 02:30AM | All areas are now passable to light vehicles.",passable,,https://pasigcity.gov.ph/news-and-releases/flood-update-severe-tropical-storm-kristine-october-25-2024-540,docs/evaluations/pasig-clearance-followup-20261007/official/sources/PASIG-20241025-0230.cfcb88b46186.txt,4fd3604175f58a0793199b6f2e4953178627c5e4a2dd82efbdb0c32eb258e2e4,true,true,false,false,Collective light-vehicle passability statement does not assert dry roads.
OBS-edcd313c85476727,PASIG-20240903-1200,ddd5f1330fa2,Pasig,Manggahan,"Infant Jesus St., Metroville, Brgy. Manggahan",flood_observed,2024-09-03T12:00:00+08:00,minute,"September 3, 2024 | 12:00NN",4;5,"September 3, 2024 | 12:00NN | Please be advised that the water level of the flood in Infant Jesus St., Metroville, Brgy. Manggahan is estimated at 2-3 inches (gutter deep), making it already PASSABLE to light vehicles.",passable,2-3 inches,https://pasigcity.gov.ph/news-and-releases/flood-update-september-3-2024-201,docs/evaluations/pasig-clearance-followup-20261007/official/sources/PASIG-20240903-1200.ddd5f1330fa2.txt,0ad495d79064be3389538a0ec30cd95e9f88b245ecbef8fe5f7f4ce705316b7c,true,true,false,false,Water remains; raw 2-3 inches and gutter-deep qualifier are preserved without reconciliation.
OBS-0bb787325957be19,GMA-20251010-1318,2c8a256a91b4,Pasig,,C5 Ortigas Service road SB,reported_subsidence,2025-10-10T12:49:00+08:00,minute,C5 Ortigas Service road SB: Gutter deep ( 8 inches ).Passable to all types of Vehicles (subsided as of 12:49 p.m.),12;13,Pasig City | C5 Ortigas Service road SB: Gutter deep ( 8 inches ).Passable to all types of Vehicles (subsided as of 12:49 p.m.),passable,8 inches,https://www.gmanetwork.com/news/topstories/metro/961956/list-flooded-roads-in-parts-of-metro-manila-on-friday-oct-10-2025/story/,docs/evaluations/pasig-clearance-followup-20261007/publishers/sources/GMA-20251010-1318.2c8a256a91b4.txt,990eaddab89191dd3550f730b22e878a87b60d2bf680af24dc5c8ad37cd91f32,true,true,false,false,Explicit road outcome; prior wet time unresolved. Retained depth is not a clocked pre-outcome feature.
OBS-89a81f334e3c15bf,PASIG-20241025-1900,91c2d4a5a4a9,Pasig,,"city-level remaining flooding, unnamed areas",city_flood_context,2024-10-25T15:00:00+08:00,minute,"As of 03:00PM, may isa pang pumping station na nago-operate para masiguro na makakatulong sa pag-manage ng natitirang baha sa ating lungsod.",5;7,"October 25, 2024 | as of 07:00PM | As of 03:00PM, may isa pang pumping station na nago-operate para masiguro na makakatulong sa pag-manage ng natitirang baha sa ating lungsod.",unknown,,https://pasigcity.gov.ph/news-and-releases/response-update-severe-tropical-storm-kristine-as-of-0700pm-october-25-2024-707,docs/evaluations/pasig-clearance-followup-20261007/official/sources/PASIG-20241025-1900.91c2d4a5a4a9.txt,ed29ef6c03af581cf9046c16021bac5b0189bdd7dc9d12461fd1844c81aad868,true,true,false,false,"pumping to manage remaining flood water; no road identity, depth or dry time"
