pair_id,target_version,reference_observation_id,outcome_observation_id,city,barangay,location_raw,reference_at,reported_passability_upper_at,lower_minutes,upper_minutes,lower_inclusive,upper_inclusive,censoring_type,scope_linkage_class,reporting_episode_id,shared_outcome_group,storm_independence_verified,continuity_status,reference_available_at,prediction_as_of_at,historical_availability_verified,source_claim_reviewed,descriptive_only,independent_capture_review_completed,experimental_fit_included,production_training_admitted,subsidence_label_admitted,exclusion_reason
PAIR-c3fab73ef4fbb65c,elapsed_from_supported_nonpassable_reference_to_reported_light_vehicle_passability_v1,OBS-01e6e627b18bcef0,OBS-9d91ae7f3868be36,Pasig,Dela Paz,"• Multipurpose, Karangalan, Brgy. Dela Paz",2024-10-25T01:00:00+08:00,2024-10-25T02:30:00+08:00,0,90.0,false,true,upper_bound_on_reported_passability_after_reference,collective_conditional,PASIG-2024-OCT24-25-KRISTINE,OBS-9d91ae7f3868be36,false,unverified; no first-recovery event time inferred,,,false,true,true,true,false,false,false,different target: reported light-vehicle passability does not establish subsidence; source availability/continuity unverified
PAIR-95bf0b61be1b3af5,elapsed_from_supported_nonpassable_reference_to_reported_light_vehicle_passability_v1,OBS-0422e9de2c844be5,OBS-9d91ae7f3868be36,Pasig,Pinagbuhatan,"• Greenwoods Ave. cor. Sandoval Ave., Brgy. Pinagbuhatan",2024-10-25T01:00:00+08:00,2024-10-25T02:30:00+08:00,0,90.0,false,true,upper_bound_on_reported_passability_after_reference,collective_conditional,PASIG-2024-OCT24-25-KRISTINE,OBS-9d91ae7f3868be36,false,unverified; no first-recovery event time inferred,,,false,true,true,true,false,false,false,different target: reported light-vehicle passability does not establish subsidence; source availability/continuity unverified
PAIR-0dd363d596befcc1,elapsed_from_supported_nonpassable_reference_to_reported_light_vehicle_passability_v1,OBS-24a6a466f4f9f828,OBS-9d91ae7f3868be36,Pasig,Pinagbuhatan,"• Pinalad Road (and inner streets - Kaimito St, JP Riza St., and Durian St.), Brgy. Pinagbuhatan",2024-10-25T01:00:00+08:00,2024-10-25T02:30:00+08:00,0,90.0,false,true,upper_bound_on_reported_passability_after_reference,collective_conditional,PASIG-2024-OCT24-25-KRISTINE,OBS-9d91ae7f3868be36,false,unverified; no first-recovery event time inferred,,,false,true,true,true,false,false,false,different target: reported light-vehicle passability does not establish subsidence; source availability/continuity unverified
PAIR-2e5a67661affbf77,elapsed_from_supported_nonpassable_reference_to_reported_light_vehicle_passability_v1,OBS-3cb39c539681a4f1,OBS-9d91ae7f3868be36,Pasig,Pinagbuhatan,"• Urbano Velasco Ave., Brgy. Pinagbuhatan",2024-10-25T01:00:00+08:00,2024-10-25T02:30:00+08:00,0,90.0,false,true,upper_bound_on_reported_passability_after_reference,collective_conditional,PASIG-2024-OCT24-25-KRISTINE,OBS-9d91ae7f3868be36,false,unverified; no first-recovery event time inferred,,,false,true,true,true,false,false,false,different target: reported light-vehicle passability does not establish subsidence; source availability/continuity unverified
PAIR-e7d8dea7d0ecb770,elapsed_from_supported_nonpassable_reference_to_reported_light_vehicle_passability_v1,OBS-841fcc2723e9c151,OBS-9d91ae7f3868be36,Pasig,Rosario,"• Dabba, Paraluman St., Bathaluman St., Brgy. Rosario",2024-10-25T01:00:00+08:00,2024-10-25T02:30:00+08:00,0,90.0,false,true,upper_bound_on_reported_passability_after_reference,collective_conditional,PASIG-2024-OCT24-25-KRISTINE,OBS-9d91ae7f3868be36,false,unverified; no first-recovery event time inferred,,,false,true,true,true,false,false,false,different target: reported light-vehicle passability does not establish subsidence; source availability/continuity unverified
PAIR-6389f72327e9afc0,elapsed_from_supported_nonpassable_reference_to_reported_light_vehicle_passability_v1,OBS-345f2acfb7aaf371,OBS-9d91ae7f3868be36,Pasig,San Miguel,"• M. Eusebio Ave., Brgy. San Miguel",2024-10-25T01:00:00+08:00,2024-10-25T02:30:00+08:00,0,90.0,false,true,upper_bound_on_reported_passability_after_reference,collective_conditional,PASIG-2024-OCT24-25-KRISTINE,OBS-9d91ae7f3868be36,false,unverified; no first-recovery event time inferred,,,false,true,true,true,false,false,false,different target: reported light-vehicle passability does not establish subsidence; source availability/continuity unverified
PAIR-fbefc0dd1c76de39,elapsed_from_supported_nonpassable_reference_to_reported_light_vehicle_passability_v1,OBS-9462a727e22377a2,OBS-9d91ae7f3868be36,Pasig,San Nicolas,"• Caruncho Ave., (in front of Pasig City Hall) Brgy. San Nicolas",2024-10-25T01:00:00+08:00,2024-10-25T02:30:00+08:00,0,90.0,false,true,upper_bound_on_reported_passability_after_reference,collective_conditional,PASIG-2024-OCT24-25-KRISTINE,OBS-9d91ae7f3868be36,false,unverified; no first-recovery event time inferred,,,false,true,true,true,false,false,false,different target: reported light-vehicle passability does not establish subsidence; source availability/continuity unverified
PAIR-d2aa20629c83a38f,elapsed_from_supported_nonpassable_reference_to_reported_light_vehicle_passability_v1,OBS-8d475134ca9020c2,OBS-9d91ae7f3868be36,Pasig,Ugong,"• Eagles St. cor E. Rodriguez Ave., Brgy. Ugong",2024-10-25T01:00:00+08:00,2024-10-25T02:30:00+08:00,0,90.0,false,true,upper_bound_on_reported_passability_after_reference,collective_conditional,PASIG-2024-OCT24-25-KRISTINE,OBS-9d91ae7f3868be36,false,unverified; no first-recovery event time inferred,,,false,true,true,true,false,false,false,different target: reported light-vehicle passability does not establish subsidence; source availability/continuity unverified
PAIR-d0c07fb7970c3f85,elapsed_from_supported_nonpassable_reference_to_reported_light_vehicle_passability_v1,OBS-3240262927a461f2,OBS-edcd313c85476727,Pasig,Manggahan,"Infant Jesus St., Metroville, Brgy. Manggahan",2024-09-03T09:00:00+08:00,2024-09-03T12:00:00+08:00,0,180.0,false,true,upper_bound_on_reported_passability_after_reference,direct_location,PASIG-2024-SEP02-03-ENTENG,OBS-edcd313c85476727,false,unverified; no first-recovery event time inferred,,,false,true,true,true,false,false,false,different target: reported light-vehicle passability does not establish subsidence; source availability/continuity unverified
