pair_id,barangay,location_raw,first_nonpassable_id,first_nonpassable_at,last_nonpassable_id,last_nonpassable_at,outcome_id,reported_passability_upper_at,lower_minutes,upper_minutes,shared_outcome_group,scope_linkage_class,continuity_verified,continuity_assumed_for_experiment,historical_availability_verified,production_training_admitted,experimental_fit_included,subsidence_label_admitted,first_capture_path,last_capture_path,outcome_capture_path
PAIR-c3fab73ef4fbb65c,Dela Paz,"• Multipurpose, Karangalan, Brgy. Dela Paz",OBS-01e6e627b18bcef0,2024-10-25T01:00:00+08:00,OBS-01e6e627b18bcef0,2024-10-25T01:00:00+08:00,OBS-9d91ae7f3868be36,2024-10-25T02:30:00+08:00,0.0,90.0,OBS-9d91ae7f3868be36,collective_conditional,False,True,False,False,True,False,docs/evaluations/pasig-clearance-followup-20261007/official/sources/PASIG-20241025-0230.cfcb88b46186.txt,docs/evaluations/pasig-clearance-followup-20261007/official/sources/PASIG-20241025-0230.cfcb88b46186.txt,docs/evaluations/pasig-clearance-followup-20261007/official/sources/PASIG-20241025-0230.cfcb88b46186.txt
PAIR-95bf0b61be1b3af5,Pinagbuhatan,"• Greenwoods Ave. cor. Sandoval Ave., Brgy. Pinagbuhatan",OBS-c270202fd3b1fa61,2024-10-24T21:15:00+08:00,OBS-0422e9de2c844be5,2024-10-25T01:00:00+08:00,OBS-9d91ae7f3868be36,2024-10-25T02:30:00+08:00,225.0,315.0,OBS-9d91ae7f3868be36,collective_conditional,False,True,False,False,True,False,docs/evaluations/pasig-clearance-followup-20261007/official/sources/PASIG-20241024-2330.d6b4473bfbdc.txt,docs/evaluations/pasig-clearance-followup-20261007/official/sources/PASIG-20241025-0230.cfcb88b46186.txt,docs/evaluations/pasig-clearance-followup-20261007/official/sources/PASIG-20241025-0230.cfcb88b46186.txt
PAIR-0dd363d596befcc1,Pinagbuhatan,"• Pinalad Road (and inner streets - Kaimito St, JP Riza St., and Durian St.), Brgy. Pinagbuhatan",OBS-2df1ca2522a845bf,2024-10-24T23:30:00+08:00,OBS-24a6a466f4f9f828,2024-10-25T01:00:00+08:00,OBS-9d91ae7f3868be36,2024-10-25T02:30:00+08:00,90.0,180.0,OBS-9d91ae7f3868be36,collective_conditional,False,True,False,False,True,False,docs/evaluations/pasig-clearance-followup-20261007/official/sources/PASIG-20241024-2330.d6b4473bfbdc.txt,docs/evaluations/pasig-clearance-followup-20261007/official/sources/PASIG-20241025-0230.cfcb88b46186.txt,docs/evaluations/pasig-clearance-followup-20261007/official/sources/PASIG-20241025-0230.cfcb88b46186.txt
PAIR-2e5a67661affbf77,Pinagbuhatan,"• Urbano Velasco Ave., Brgy. Pinagbuhatan",OBS-a8d21dea2025be4e,2024-10-24T21:15:00+08:00,OBS-3cb39c539681a4f1,2024-10-25T01:00:00+08:00,OBS-9d91ae7f3868be36,2024-10-25T02:30:00+08:00,225.0,315.0,OBS-9d91ae7f3868be36,collective_conditional,False,True,False,False,True,False,docs/evaluations/pasig-clearance-followup-20261007/official/sources/PASIG-20241024-2330.d6b4473bfbdc.txt,docs/evaluations/pasig-clearance-followup-20261007/official/sources/PASIG-20241025-0230.cfcb88b46186.txt,docs/evaluations/pasig-clearance-followup-20261007/official/sources/PASIG-20241025-0230.cfcb88b46186.txt
PAIR-e7d8dea7d0ecb770,Rosario,"• Dabba, Paraluman St., Bathaluman St., Brgy. Rosario",OBS-a55c5e5b3a36e950,2024-10-24T23:30:00+08:00,OBS-841fcc2723e9c151,2024-10-25T01:00:00+08:00,OBS-9d91ae7f3868be36,2024-10-25T02:30:00+08:00,90.0,180.0,OBS-9d91ae7f3868be36,collective_conditional,False,True,False,False,True,False,docs/evaluations/pasig-clearance-followup-20261007/official/sources/PASIG-20241024-2330.d6b4473bfbdc.txt,docs/evaluations/pasig-clearance-followup-20261007/official/sources/PASIG-20241025-0230.cfcb88b46186.txt,docs/evaluations/pasig-clearance-followup-20261007/official/sources/PASIG-20241025-0230.cfcb88b46186.txt
PAIR-6389f72327e9afc0,San Miguel,"• M. Eusebio Ave., Brgy. San Miguel",OBS-8338f7a50e6cb1e3,2024-10-24T21:15:00+08:00,OBS-345f2acfb7aaf371,2024-10-25T01:00:00+08:00,OBS-9d91ae7f3868be36,2024-10-25T02:30:00+08:00,225.0,315.0,OBS-9d91ae7f3868be36,collective_conditional,False,True,False,False,True,False,docs/evaluations/pasig-clearance-followup-20261007/official/sources/PASIG-20241024-2330.d6b4473bfbdc.txt,docs/evaluations/pasig-clearance-followup-20261007/official/sources/PASIG-20241025-0230.cfcb88b46186.txt,docs/evaluations/pasig-clearance-followup-20261007/official/sources/PASIG-20241025-0230.cfcb88b46186.txt
PAIR-fbefc0dd1c76de39,San Nicolas,"• Caruncho Ave., (in front of Pasig City Hall) Brgy. San Nicolas",OBS-9462a727e22377a2,2024-10-25T01:00:00+08:00,OBS-9462a727e22377a2,2024-10-25T01:00:00+08:00,OBS-9d91ae7f3868be36,2024-10-25T02:30:00+08:00,0.0,90.0,OBS-9d91ae7f3868be36,collective_conditional,False,True,False,False,True,False,docs/evaluations/pasig-clearance-followup-20261007/official/sources/PASIG-20241025-0230.cfcb88b46186.txt,docs/evaluations/pasig-clearance-followup-20261007/official/sources/PASIG-20241025-0230.cfcb88b46186.txt,docs/evaluations/pasig-clearance-followup-20261007/official/sources/PASIG-20241025-0230.cfcb88b46186.txt
PAIR-d2aa20629c83a38f,Ugong,"• Eagles St. cor E. Rodriguez Ave., Brgy. Ugong",OBS-9eb86f835d2fe51e,2024-10-24T21:15:00+08:00,OBS-8d475134ca9020c2,2024-10-25T01:00:00+08:00,OBS-9d91ae7f3868be36,2024-10-25T02:30:00+08:00,225.0,315.0,OBS-9d91ae7f3868be36,collective_conditional,False,True,False,False,True,False,docs/evaluations/pasig-clearance-followup-20261007/official/sources/PASIG-20241024-2330.d6b4473bfbdc.txt,docs/evaluations/pasig-clearance-followup-20261007/official/sources/PASIG-20241025-0230.cfcb88b46186.txt,docs/evaluations/pasig-clearance-followup-20261007/official/sources/PASIG-20241025-0230.cfcb88b46186.txt
PAIR-d0c07fb7970c3f85,Manggahan,"Infant Jesus St., Metroville, Brgy. Manggahan",OBS-8feeba9b7678b412,2024-09-03T02:00:00+08:00,OBS-3240262927a461f2,2024-09-03T09:00:00+08:00,OBS-edcd313c85476727,2024-09-03T12:00:00+08:00,420.0,600.0,OBS-edcd313c85476727,direct_location,False,True,False,False,True,False,docs/evaluations/pasig-clearance-followup-20261007/official/sources/PASIG-20240903-1200.ddd5f1330fa2.txt,docs/evaluations/pasig-clearance-followup-20261007/official/sources/PASIG-20240903-1200.ddd5f1330fa2.txt,docs/evaluations/pasig-clearance-followup-20261007/official/sources/PASIG-20240903-1200.ddd5f1330fa2.txt
