first_id,next_id,timeline,reporting_episode,barangay,first_at,next_at,first_depth_cm,next_depth_cm,elapsed_hours,physical_dry_outcome,production_training_admitted
OBS-76b019811a1ed746,OBS-1b24db45aeebcb03,TL-798b530e3df993e5,PASIG-2025-JUL21-25,Santa Lucia,2025-07-21T19:00:00+08:00,2025-07-21T22:00:00+08:00,91.44,91.44,3.0,False,False
OBS-1b24db45aeebcb03,OBS-5cefe485ad7edbf9,TL-798b530e3df993e5,PASIG-2025-JUL21-25,Santa Lucia,2025-07-21T22:00:00+08:00,2025-07-21T23:45:00+08:00,91.44,91.44,1.75,False,False
OBS-5cefe485ad7edbf9,OBS-1d6989c95cffe423,TL-798b530e3df993e5,PASIG-2025-JUL21-25,Santa Lucia,2025-07-21T23:45:00+08:00,2025-07-22T03:45:00+08:00,91.44,121.92,4.0,False,False
OBS-1d6989c95cffe423,OBS-6109c780310d9d97,TL-798b530e3df993e5,PASIG-2025-JUL21-25,Santa Lucia,2025-07-22T03:45:00+08:00,2025-07-22T06:00:00+08:00,121.92,121.92,2.25,False,False
OBS-9323a249d0f86453,OBS-edffd7a41d55fc1f,TL-565b2ff73105a2a5,PASIG-2025-JUL21-25,Manggahan,2025-07-21T19:00:00+08:00,2025-07-21T22:00:00+08:00,30.48,30.48,3.0,False,False
OBS-edffd7a41d55fc1f,OBS-df27866e3582db3b,TL-565b2ff73105a2a5,PASIG-2025-JUL21-25,Manggahan,2025-07-21T22:00:00+08:00,2025-07-21T23:45:00+08:00,30.48,30.48,1.75,False,False
OBS-df27866e3582db3b,OBS-49099c96e4b47a98,TL-565b2ff73105a2a5,PASIG-2025-JUL21-25,Manggahan,2025-07-21T23:45:00+08:00,2025-07-22T03:45:00+08:00,30.48,30.48,4.0,False,False
OBS-dea8854e07019686,OBS-5cc5720f42d4f4b3,TL-1534b60ded97cec8,PASIG-2025-JUL21-25,Manggahan,2025-07-21T19:00:00+08:00,2025-07-21T22:00:00+08:00,35.56,35.56,3.0,False,False
OBS-5cc5720f42d4f4b3,OBS-f9ea7055090cf05c,TL-1534b60ded97cec8,PASIG-2025-JUL21-25,Manggahan,2025-07-21T22:00:00+08:00,2025-07-21T23:45:00+08:00,35.56,35.56,1.75,False,False
OBS-f9ea7055090cf05c,OBS-bb18b23e4e8ab664,TL-1534b60ded97cec8,PASIG-2025-JUL21-25,Manggahan,2025-07-21T23:45:00+08:00,2025-07-22T03:45:00+08:00,35.56,35.56,4.0,False,False
OBS-b33d211ff2a96c92,OBS-4fff1f7df6e98cbf,TL-21c757ee91d366fb,PASIG-2025-JUL21-25,Manggahan,2025-07-21T19:00:00+08:00,2025-07-21T22:00:00+08:00,30.48,30.48,3.0,False,False
OBS-8517bd96eca9bd3a,OBS-f3b0563ea0da0e96,TL-d7ccd4c8de1d5f92,PASIG-2025-JUL21-25,Manggahan,2025-07-21T19:00:00+08:00,2025-07-21T22:00:00+08:00,30.48,30.48,3.0,False,False
OBS-f3b0563ea0da0e96,OBS-a23028d662501a20,TL-d7ccd4c8de1d5f92,PASIG-2025-JUL21-25,Manggahan,2025-07-21T22:00:00+08:00,2025-07-21T23:45:00+08:00,30.48,30.48,1.75,False,False
OBS-a23028d662501a20,OBS-ca628053816715a0,TL-d7ccd4c8de1d5f92,PASIG-2025-JUL21-25,Manggahan,2025-07-21T23:45:00+08:00,2025-07-22T03:45:00+08:00,30.48,30.48,4.0,False,False
OBS-b01c5d8bed28c58c,OBS-a47bb51a3d2b57e7,TL-878c4066d69bc799,PASIG-2025-JUL21-25,Santolan,2025-07-21T19:00:00+08:00,2025-07-21T22:00:00+08:00,12.7,91.44,3.0,False,False
OBS-a47bb51a3d2b57e7,OBS-e5d421872d726acc,TL-878c4066d69bc799,PASIG-2025-JUL21-25,Santolan,2025-07-21T22:00:00+08:00,2025-07-21T23:45:00+08:00,91.44,91.44,1.75,False,False
OBS-e5d421872d726acc,OBS-e495dac2c6158fbf,TL-878c4066d69bc799,PASIG-2025-JUL21-25,Santolan,2025-07-21T23:45:00+08:00,2025-07-22T03:45:00+08:00,91.44,91.44,4.0,False,False
OBS-e495dac2c6158fbf,OBS-f2e2e6c49ae90a4f,TL-878c4066d69bc799,PASIG-2025-JUL21-25,Santolan,2025-07-22T03:45:00+08:00,2025-07-22T06:00:00+08:00,91.44,91.44,2.25,False,False
OBS-f2e2e6c49ae90a4f,OBS-4c29e9cf0119aa00,TL-878c4066d69bc799,PASIG-2025-JUL21-25,Santolan,2025-07-22T06:00:00+08:00,2025-07-22T08:00:00+08:00,91.44,91.44,2.0,False,False
OBS-4c29e9cf0119aa00,OBS-569288bf67d0b380,TL-878c4066d69bc799,PASIG-2025-JUL21-25,Santolan,2025-07-22T08:00:00+08:00,2025-07-22T09:00:00+08:00,91.44,91.44,1.0,False,False
OBS-569288bf67d0b380,OBS-467c4778cd1b37ff,TL-878c4066d69bc799,PASIG-2025-JUL21-25,Santolan,2025-07-22T09:00:00+08:00,2025-07-22T11:00:00+08:00,91.44,91.44,2.0,False,False
OBS-467c4778cd1b37ff,OBS-560a7497e2b99e5b,TL-878c4066d69bc799,PASIG-2025-JUL21-25,Santolan,2025-07-22T11:00:00+08:00,2025-07-22T14:00:00+08:00,91.44,91.44,3.0,False,False
OBS-560a7497e2b99e5b,OBS-43f8d67db14b48f4,TL-878c4066d69bc799,PASIG-2025-JUL21-25,Santolan,2025-07-22T14:00:00+08:00,2025-07-22T15:00:00+08:00,91.44,91.44,1.0,False,False
OBS-80510b2886557344,OBS-34ad721ad870cdba,TL-f64445703e78a2ee,PASIG-2025-JUL21-25,Santolan,2025-07-21T19:00:00+08:00,2025-07-21T22:00:00+08:00,12.7,12.7,3.0,False,False
OBS-34ad721ad870cdba,OBS-d3834c14ba879278,TL-f64445703e78a2ee,PASIG-2025-JUL21-25,Santolan,2025-07-21T22:00:00+08:00,2025-07-21T23:45:00+08:00,12.7,12.7,1.75,False,False
OBS-d3834c14ba879278,OBS-ad91ba10c21efb4f,TL-f64445703e78a2ee,PASIG-2025-JUL21-25,Santolan,2025-07-21T23:45:00+08:00,2025-07-22T03:45:00+08:00,12.7,12.7,4.0,False,False
OBS-ad91ba10c21efb4f,OBS-8152fe136c07bcd6,TL-f64445703e78a2ee,PASIG-2025-JUL21-25,Santolan,2025-07-22T03:45:00+08:00,2025-07-22T06:00:00+08:00,12.7,12.7,2.25,False,False
OBS-8152fe136c07bcd6,OBS-71e61a3d1c391bbb,TL-f64445703e78a2ee,PASIG-2025-JUL21-25,Santolan,2025-07-22T06:00:00+08:00,2025-07-22T08:00:00+08:00,12.7,12.7,2.0,False,False
OBS-71e61a3d1c391bbb,OBS-9f267f7d9b758f60,TL-f64445703e78a2ee,PASIG-2025-JUL21-25,Santolan,2025-07-22T08:00:00+08:00,2025-07-22T09:00:00+08:00,12.7,12.7,1.0,False,False
OBS-9f267f7d9b758f60,OBS-80c6dbd156568e10,TL-f64445703e78a2ee,PASIG-2025-JUL21-25,Santolan,2025-07-22T09:00:00+08:00,2025-07-22T11:00:00+08:00,12.7,12.7,2.0,False,False
OBS-80c6dbd156568e10,OBS-febbcbaba7c7e42d,TL-f64445703e78a2ee,PASIG-2025-JUL21-25,Santolan,2025-07-22T11:00:00+08:00,2025-07-22T14:00:00+08:00,12.7,12.7,3.0,False,False
OBS-febbcbaba7c7e42d,OBS-f972532b1472068a,TL-f64445703e78a2ee,PASIG-2025-JUL21-25,Santolan,2025-07-22T14:00:00+08:00,2025-07-22T15:00:00+08:00,12.7,12.7,1.0,False,False
OBS-051d1c798413d308,OBS-61a91d8c315460ac,TL-2481184770ae4dfc,PASIG-2025-JUL21-25,Santa Lucia,2025-07-21T19:00:00+08:00,2025-07-21T22:00:00+08:00,38.1,38.1,3.0,False,False
OBS-61a91d8c315460ac,OBS-2d719c1817459b6b,TL-2481184770ae4dfc,PASIG-2025-JUL21-25,Santa Lucia,2025-07-21T22:00:00+08:00,2025-07-21T23:45:00+08:00,38.1,38.1,1.75,False,False
OBS-2d719c1817459b6b,OBS-123eb009441ee61e,TL-2481184770ae4dfc,PASIG-2025-JUL21-25,Santa Lucia,2025-07-21T23:45:00+08:00,2025-07-22T03:45:00+08:00,38.1,38.1,4.0,False,False
OBS-123eb009441ee61e,OBS-e82bde05879bb013,TL-2481184770ae4dfc,PASIG-2025-JUL21-25,Santa Lucia,2025-07-22T03:45:00+08:00,2025-07-22T06:00:00+08:00,38.1,38.1,2.25,False,False
OBS-e82bde05879bb013,OBS-9a1aaba4d315f334,TL-2481184770ae4dfc,PASIG-2025-JUL21-25,Santa Lucia,2025-07-22T06:00:00+08:00,2025-07-22T08:00:00+08:00,38.1,38.1,2.0,False,False
OBS-9a1aaba4d315f334,OBS-11a24745557aae71,TL-2481184770ae4dfc,PASIG-2025-JUL21-25,Santa Lucia,2025-07-22T08:00:00+08:00,2025-07-22T09:00:00+08:00,38.1,38.1,1.0,False,False
OBS-11a24745557aae71,OBS-4a6233327305b8ec,TL-2481184770ae4dfc,PASIG-2025-JUL21-25,Santa Lucia,2025-07-22T09:00:00+08:00,2025-07-22T11:00:00+08:00,38.1,38.1,2.0,False,False
OBS-4a6233327305b8ec,OBS-12a9d1466a44e42a,TL-2481184770ae4dfc,PASIG-2025-JUL21-25,Santa Lucia,2025-07-22T11:00:00+08:00,2025-07-22T14:00:00+08:00,38.1,38.1,3.0,False,False
OBS-12a9d1466a44e42a,OBS-7c3d52461e3b3990,TL-2481184770ae4dfc,PASIG-2025-JUL21-25,Santa Lucia,2025-07-22T14:00:00+08:00,2025-07-22T15:00:00+08:00,38.1,38.1,1.0,False,False
OBS-7c3d52461e3b3990,OBS-4ee2f114a86b3b41,TL-2481184770ae4dfc,PASIG-2025-JUL21-25,Santa Lucia,2025-07-22T15:00:00+08:00,2025-07-22T21:00:00+08:00,38.1,38.1,6.0,False,False
OBS-d49cbd78c8ce9067,OBS-586e84c0387414f3,TL-1e185b484c932053,PASIG-2025-JUL21-25,Manggahan,2025-07-21T19:00:00+08:00,2025-07-21T22:00:00+08:00,38.1,38.1,3.0,False,False
OBS-586e84c0387414f3,OBS-8d0cd582c458d7cc,TL-1e185b484c932053,PASIG-2025-JUL21-25,Manggahan,2025-07-21T22:00:00+08:00,2025-07-21T23:45:00+08:00,38.1,38.1,1.75,False,False
OBS-8d0cd582c458d7cc,OBS-97e700d412e7d544,TL-1e185b484c932053,PASIG-2025-JUL21-25,Manggahan,2025-07-21T23:45:00+08:00,2025-07-22T03:45:00+08:00,38.1,38.1,4.0,False,False
OBS-97e700d412e7d544,OBS-eb76e693b57c394d,TL-1e185b484c932053,PASIG-2025-JUL21-25,Manggahan,2025-07-22T03:45:00+08:00,2025-07-22T06:00:00+08:00,38.1,121.92,2.25,False,False
OBS-bef06f541890279d,OBS-71ca11be0cccaef7,TL-2b85df110e275db7,PASIG-2025-JUL21-25,Ugong,2025-07-21T19:00:00+08:00,2025-07-21T22:00:00+08:00,12.7,12.7,3.0,False,False
OBS-71ca11be0cccaef7,OBS-b042a6b13c5ec73b,TL-2b85df110e275db7,PASIG-2025-JUL21-25,Ugong,2025-07-21T22:00:00+08:00,2025-07-21T23:45:00+08:00,12.7,12.7,1.75,False,False
OBS-be3207eeaf3d28e8,OBS-73782b3335913a1e,TL-ac31918f9ee42108,PASIG-2025-JUL21-25,Manggahan,2025-07-21T19:00:00+08:00,2025-07-21T22:00:00+08:00,30.48,60.96,3.0,False,False
OBS-73782b3335913a1e,OBS-6b39951821c8661e,TL-ac31918f9ee42108,PASIG-2025-JUL21-25,Manggahan,2025-07-21T22:00:00+08:00,2025-07-21T23:45:00+08:00,60.96,60.96,1.75,False,False
OBS-6b39951821c8661e,OBS-2603af9fe5f3f336,TL-ac31918f9ee42108,PASIG-2025-JUL21-25,Manggahan,2025-07-21T23:45:00+08:00,2025-07-22T03:45:00+08:00,60.96,121.92,4.0,False,False
OBS-2603af9fe5f3f336,OBS-0fdbc0061586c188,TL-ac31918f9ee42108,PASIG-2025-JUL21-25,Manggahan,2025-07-22T03:45:00+08:00,2025-07-22T06:00:00+08:00,121.92,121.92,2.25,False,False
OBS-b4645b99d8743649,OBS-bedc6d864fe0f70c,TL-f245e05fb4e502ba,PASIG-2025-JUL21-25,Dela Paz,2025-07-21T19:00:00+08:00,2025-07-21T22:00:00+08:00,60.96,60.96,3.0,False,False
OBS-bedc6d864fe0f70c,OBS-9be14956d674146b,TL-f245e05fb4e502ba,PASIG-2025-JUL21-25,Dela Paz,2025-07-21T22:00:00+08:00,2025-07-21T23:45:00+08:00,60.96,60.96,1.75,False,False
OBS-9be14956d674146b,OBS-0a04e9c954475b16,TL-f245e05fb4e502ba,PASIG-2025-JUL21-25,Dela Paz,2025-07-21T23:45:00+08:00,2025-07-22T03:45:00+08:00,60.96,60.96,4.0,False,False
OBS-0a04e9c954475b16,OBS-2941ce2c8de9a03b,TL-f245e05fb4e502ba,PASIG-2025-JUL21-25,Dela Paz,2025-07-22T03:45:00+08:00,2025-07-22T06:00:00+08:00,60.96,60.96,2.25,False,False
OBS-2941ce2c8de9a03b,OBS-e348464ed31a7c8a,TL-f245e05fb4e502ba,PASIG-2025-JUL21-25,Dela Paz,2025-07-22T06:00:00+08:00,2025-07-22T08:00:00+08:00,60.96,60.96,2.0,False,False
OBS-e348464ed31a7c8a,OBS-85e18fc3c75d7e68,TL-f245e05fb4e502ba,PASIG-2025-JUL21-25,Dela Paz,2025-07-22T08:00:00+08:00,2025-07-22T09:00:00+08:00,60.96,60.96,1.0,False,False
OBS-85e18fc3c75d7e68,OBS-7cb7876743e3f2b8,TL-f245e05fb4e502ba,PASIG-2025-JUL21-25,Dela Paz,2025-07-22T09:00:00+08:00,2025-07-22T11:00:00+08:00,60.96,60.96,2.0,False,False
OBS-7cb7876743e3f2b8,OBS-1cf17e306254efbb,TL-f245e05fb4e502ba,PASIG-2025-JUL21-25,Dela Paz,2025-07-22T11:00:00+08:00,2025-07-22T14:00:00+08:00,60.96,60.96,3.0,False,False
OBS-1cf17e306254efbb,OBS-01ef7cdd6f442d7e,TL-f245e05fb4e502ba,PASIG-2025-JUL21-25,Dela Paz,2025-07-22T14:00:00+08:00,2025-07-22T15:00:00+08:00,60.96,60.96,1.0,False,False
OBS-01ef7cdd6f442d7e,OBS-6b27856a84aeb296,TL-f245e05fb4e502ba,PASIG-2025-JUL21-25,Dela Paz,2025-07-22T15:00:00+08:00,2025-07-22T21:00:00+08:00,60.96,60.96,6.0,False,False
OBS-aa53a1b6b94484a5,OBS-7f7b4385f798fd18,TL-0c149c8f1c98b729,PASIG-2025-JUL21-25,Santa Lucia,2025-07-21T22:00:00+08:00,2025-07-21T23:45:00+08:00,38.1,38.1,1.75,False,False
OBS-7f7b4385f798fd18,OBS-81d512c6e3f74f00,TL-0c149c8f1c98b729,PASIG-2025-JUL21-25,Santa Lucia,2025-07-21T23:45:00+08:00,2025-07-22T03:45:00+08:00,38.1,91.44,4.0,False,False
OBS-81d512c6e3f74f00,OBS-ca8ddd1cd2a31ec3,TL-0c149c8f1c98b729,PASIG-2025-JUL21-25,Santa Lucia,2025-07-22T03:45:00+08:00,2025-07-22T06:00:00+08:00,91.44,91.44,2.25,False,False
OBS-ca8ddd1cd2a31ec3,OBS-a24d35f112866395,TL-0c149c8f1c98b729,PASIG-2025-JUL21-25,Santa Lucia,2025-07-22T06:00:00+08:00,2025-07-22T08:00:00+08:00,91.44,91.44,2.0,False,False
OBS-a24d35f112866395,OBS-615ba7c46878209e,TL-0c149c8f1c98b729,PASIG-2025-JUL21-25,Santa Lucia,2025-07-22T08:00:00+08:00,2025-07-22T09:00:00+08:00,91.44,91.44,1.0,False,False
OBS-615ba7c46878209e,OBS-c976491b8a989015,TL-0c149c8f1c98b729,PASIG-2025-JUL21-25,Santa Lucia,2025-07-22T09:00:00+08:00,2025-07-22T11:00:00+08:00,91.44,91.44,2.0,False,False
OBS-c976491b8a989015,OBS-8c803411b78e68c8,TL-0c149c8f1c98b729,PASIG-2025-JUL21-25,Santa Lucia,2025-07-22T11:00:00+08:00,2025-07-22T14:00:00+08:00,91.44,91.44,3.0,False,False
OBS-8c803411b78e68c8,OBS-9a1e7c7605c379fc,TL-0c149c8f1c98b729,PASIG-2025-JUL21-25,Santa Lucia,2025-07-22T14:00:00+08:00,2025-07-22T15:00:00+08:00,91.44,91.44,1.0,False,False
OBS-9a1e7c7605c379fc,OBS-ba5a96d4d63386b3,TL-0c149c8f1c98b729,PASIG-2025-JUL21-25,Santa Lucia,2025-07-22T15:00:00+08:00,2025-07-22T21:00:00+08:00,91.44,30.48,6.0,False,False
OBS-2be45fa3d9219843,OBS-b0c6347af02d04bb,TL-5fa7caa20f79e2fc,PASIG-2025-JUL21-25,Santolan,2025-07-21T22:00:00+08:00,2025-07-21T23:45:00+08:00,60.96,60.96,1.75,False,False
OBS-b0c6347af02d04bb,OBS-1d12e426320543c2,TL-5fa7caa20f79e2fc,PASIG-2025-JUL21-25,Santolan,2025-07-21T23:45:00+08:00,2025-07-22T03:45:00+08:00,60.96,60.96,4.0,False,False
OBS-1d12e426320543c2,OBS-3468ac199d4c5f62,TL-5fa7caa20f79e2fc,PASIG-2025-JUL21-25,Santolan,2025-07-22T03:45:00+08:00,2025-07-22T06:00:00+08:00,60.96,60.96,2.25,False,False
OBS-3468ac199d4c5f62,OBS-b0d27d707335061e,TL-5fa7caa20f79e2fc,PASIG-2025-JUL21-25,Santolan,2025-07-22T06:00:00+08:00,2025-07-22T08:00:00+08:00,60.96,60.96,2.0,False,False
OBS-b0d27d707335061e,OBS-5e3711cc67edc463,TL-5fa7caa20f79e2fc,PASIG-2025-JUL21-25,Santolan,2025-07-22T08:00:00+08:00,2025-07-22T09:00:00+08:00,60.96,60.96,1.0,False,False
OBS-5e3711cc67edc463,OBS-37681571c5151157,TL-5fa7caa20f79e2fc,PASIG-2025-JUL21-25,Santolan,2025-07-22T09:00:00+08:00,2025-07-22T11:00:00+08:00,60.96,60.96,2.0,False,False
OBS-37681571c5151157,OBS-baacff02be803daa,TL-5fa7caa20f79e2fc,PASIG-2025-JUL21-25,Santolan,2025-07-22T11:00:00+08:00,2025-07-22T14:00:00+08:00,60.96,60.96,3.0,False,False
OBS-baacff02be803daa,OBS-6ebc45a01c93b561,TL-5fa7caa20f79e2fc,PASIG-2025-JUL21-25,Santolan,2025-07-22T14:00:00+08:00,2025-07-22T15:00:00+08:00,60.96,60.96,1.0,False,False
OBS-bbbb20b36731ef9a,OBS-63e7acea17f6f5eb,TL-0f9c7c81bfa8eae3,PASIG-2025-JUL21-25,Santa Lucia,2025-07-21T22:00:00+08:00,2025-07-21T23:45:00+08:00,35.56,35.56,1.75,False,False
OBS-63e7acea17f6f5eb,OBS-0da20daa1f22da5b,TL-0f9c7c81bfa8eae3,PASIG-2025-JUL21-25,Santa Lucia,2025-07-21T23:45:00+08:00,2025-07-22T03:45:00+08:00,35.56,35.56,4.0,False,False
OBS-0da20daa1f22da5b,OBS-7ac284c5df9ea422,TL-0f9c7c81bfa8eae3,PASIG-2025-JUL21-25,Santa Lucia,2025-07-22T03:45:00+08:00,2025-07-22T06:00:00+08:00,35.56,35.56,2.25,False,False
OBS-7ac284c5df9ea422,OBS-5985b3fb8a12eb07,TL-0f9c7c81bfa8eae3,PASIG-2025-JUL21-25,Santa Lucia,2025-07-22T06:00:00+08:00,2025-07-22T08:00:00+08:00,35.56,35.56,2.0,False,False
OBS-5985b3fb8a12eb07,OBS-f890a721687643a8,TL-0f9c7c81bfa8eae3,PASIG-2025-JUL21-25,Santa Lucia,2025-07-22T08:00:00+08:00,2025-07-22T09:00:00+08:00,35.56,121.92,1.0,False,False
OBS-f890a721687643a8,OBS-2406c83ba7cc127e,TL-0f9c7c81bfa8eae3,PASIG-2025-JUL21-25,Santa Lucia,2025-07-22T09:00:00+08:00,2025-07-22T11:00:00+08:00,121.92,121.92,2.0,False,False
OBS-2406c83ba7cc127e,OBS-8a08843fc8f3f2c8,TL-0f9c7c81bfa8eae3,PASIG-2025-JUL21-25,Santa Lucia,2025-07-22T11:00:00+08:00,2025-07-22T14:00:00+08:00,121.92,121.92,3.0,False,False
OBS-8a08843fc8f3f2c8,OBS-d06a779cb9667165,TL-0f9c7c81bfa8eae3,PASIG-2025-JUL21-25,Santa Lucia,2025-07-22T14:00:00+08:00,2025-07-22T15:00:00+08:00,121.92,121.92,1.0,False,False
OBS-d06a779cb9667165,OBS-796faff992aa8e35,TL-0f9c7c81bfa8eae3,PASIG-2025-JUL21-25,Santa Lucia,2025-07-22T15:00:00+08:00,2025-07-22T21:00:00+08:00,121.92,25.4,6.0,False,False
OBS-f8b38925d3175662,OBS-a7a8542a83f7c27f,TL-f8f9f43ad81a39eb,PASIG-2025-JUL21-25,Santa Lucia,2025-07-21T22:00:00+08:00,2025-07-21T23:45:00+08:00,60.96,60.96,1.75,False,False
OBS-a7a8542a83f7c27f,OBS-f5a35ff5f989637d,TL-f8f9f43ad81a39eb,PASIG-2025-JUL21-25,Santa Lucia,2025-07-21T23:45:00+08:00,2025-07-22T03:45:00+08:00,60.96,121.92,4.0,False,False
OBS-f5a35ff5f989637d,OBS-e1276ffed06aaf46,TL-f8f9f43ad81a39eb,PASIG-2025-JUL21-25,Santa Lucia,2025-07-22T03:45:00+08:00,2025-07-22T06:00:00+08:00,121.92,121.92,2.25,False,False
OBS-e1276ffed06aaf46,OBS-e9b15d654c2303c4,TL-f8f9f43ad81a39eb,PASIG-2025-JUL21-25,Santa Lucia,2025-07-22T06:00:00+08:00,2025-07-22T08:00:00+08:00,121.92,121.92,2.0,False,False
OBS-e9b15d654c2303c4,OBS-91c65d3a75cb274c,TL-f8f9f43ad81a39eb,PASIG-2025-JUL21-25,Santa Lucia,2025-07-22T08:00:00+08:00,2025-07-22T09:00:00+08:00,121.92,121.92,1.0,False,False
OBS-91c65d3a75cb274c,OBS-a430c43f79aac2b1,TL-f8f9f43ad81a39eb,PASIG-2025-JUL21-25,Santa Lucia,2025-07-22T09:00:00+08:00,2025-07-22T11:00:00+08:00,121.92,121.92,2.0,False,False
OBS-a430c43f79aac2b1,OBS-05ca10e609a852d5,TL-f8f9f43ad81a39eb,PASIG-2025-JUL21-25,Santa Lucia,2025-07-22T11:00:00+08:00,2025-07-22T14:00:00+08:00,121.92,121.92,3.0,False,False
OBS-05ca10e609a852d5,OBS-1a7cd65de79300db,TL-f8f9f43ad81a39eb,PASIG-2025-JUL21-25,Santa Lucia,2025-07-22T14:00:00+08:00,2025-07-22T15:00:00+08:00,121.92,121.92,1.0,False,False
OBS-878186bfc50cd32d,OBS-564f827553810956,TL-59a86b37da48c185,PASIG-2025-JUL21-25,Santa Lucia,2025-07-21T22:00:00+08:00,2025-07-21T23:45:00+08:00,60.96,60.96,1.75,False,False
OBS-564f827553810956,OBS-b384eb7004cdd544,TL-59a86b37da48c185,PASIG-2025-JUL21-25,Santa Lucia,2025-07-21T23:45:00+08:00,2025-07-22T03:45:00+08:00,60.96,60.96,4.0,False,False
OBS-b384eb7004cdd544,OBS-5f30cd4e3c7db179,TL-59a86b37da48c185,PASIG-2025-JUL21-25,Santa Lucia,2025-07-22T03:45:00+08:00,2025-07-22T06:00:00+08:00,60.96,60.96,2.25,False,False
OBS-5f30cd4e3c7db179,OBS-95f4fc041bf0ba84,TL-59a86b37da48c185,PASIG-2025-JUL21-25,Santa Lucia,2025-07-22T06:00:00+08:00,2025-07-22T08:00:00+08:00,60.96,60.96,2.0,False,False
OBS-95f4fc041bf0ba84,OBS-4908177eabee92c3,TL-59a86b37da48c185,PASIG-2025-JUL21-25,Santa Lucia,2025-07-22T08:00:00+08:00,2025-07-22T09:00:00+08:00,60.96,60.96,1.0,False,False
OBS-4908177eabee92c3,OBS-8e66c8888961cd57,TL-59a86b37da48c185,PASIG-2025-JUL21-25,Santa Lucia,2025-07-22T09:00:00+08:00,2025-07-22T11:00:00+08:00,60.96,60.96,2.0,False,False
OBS-8e66c8888961cd57,OBS-34fcbe64e45cb1a8,TL-59a86b37da48c185,PASIG-2025-JUL21-25,Santa Lucia,2025-07-22T11:00:00+08:00,2025-07-22T14:00:00+08:00,60.96,60.96,3.0,False,False
OBS-34fcbe64e45cb1a8,OBS-d13644d38528ee3b,TL-59a86b37da48c185,PASIG-2025-JUL21-25,Santa Lucia,2025-07-22T14:00:00+08:00,2025-07-22T15:00:00+08:00,60.96,60.96,1.0,False,False
OBS-2da90874baa26472,OBS-e0b7477a3e5eab71,TL-c22565191ee4c269,PASIG-2025-JUL21-25,Santa Lucia,2025-07-21T23:45:00+08:00,2025-07-22T03:45:00+08:00,60.96,91.44,4.0,False,False
OBS-e0b7477a3e5eab71,OBS-74307f80dc488b1e,TL-c22565191ee4c269,PASIG-2025-JUL21-25,Santa Lucia,2025-07-22T03:45:00+08:00,2025-07-22T06:00:00+08:00,91.44,91.44,2.25,False,False
OBS-fd516bd0c9b92f54,OBS-a058fd6de49d4546,TL-9274a834cf4f5614,PASIG-2025-JUL21-25,Dela Paz,2025-07-22T03:45:00+08:00,2025-07-22T06:00:00+08:00,45.72,45.72,2.25,False,False
OBS-a058fd6de49d4546,OBS-22de9bea8cff9095,TL-9274a834cf4f5614,PASIG-2025-JUL21-25,Dela Paz,2025-07-22T06:00:00+08:00,2025-07-22T08:00:00+08:00,45.72,45.72,2.0,False,False
OBS-22de9bea8cff9095,OBS-ba188e2eb90321e2,TL-9274a834cf4f5614,PASIG-2025-JUL21-25,Dela Paz,2025-07-22T08:00:00+08:00,2025-07-22T09:00:00+08:00,45.72,45.72,1.0,False,False
OBS-ba188e2eb90321e2,OBS-b4501d959bb5389c,TL-9274a834cf4f5614,PASIG-2025-JUL21-25,Dela Paz,2025-07-22T09:00:00+08:00,2025-07-22T11:00:00+08:00,45.72,45.72,2.0,False,False
OBS-b4501d959bb5389c,OBS-7d6e3cac8bd75cdd,TL-9274a834cf4f5614,PASIG-2025-JUL21-25,Dela Paz,2025-07-22T11:00:00+08:00,2025-07-22T14:00:00+08:00,45.72,45.72,3.0,False,False
OBS-7d6e3cac8bd75cdd,OBS-e57820ba115128f7,TL-9274a834cf4f5614,PASIG-2025-JUL21-25,Dela Paz,2025-07-22T14:00:00+08:00,2025-07-22T15:00:00+08:00,45.72,45.72,1.0,False,False
OBS-e57820ba115128f7,OBS-b474b78027157a6f,TL-9274a834cf4f5614,PASIG-2025-JUL21-25,Dela Paz,2025-07-22T15:00:00+08:00,2025-07-22T21:00:00+08:00,45.72,45.72,6.0,False,False
OBS-8794485b381db443,OBS-b3265151318ff4f7,TL-9274a834cf4f5614,PASIG-2025-JUL21-25,Dela Paz,2025-07-23T08:00:00+08:00,2025-07-23T09:00:00+08:00,60.96,60.96,1.0,False,False
OBS-0c7c4c55f74c9e02,OBS-095fb0ef8ba88921,TL-52e35c87a76c696a,PASIG-2026-AUG17-18,Dela Paz,2026-08-18T00:30:00+08:00,2026-08-18T04:30:00+08:00,91.44,91.44,4.0,False,False
OBS-e8b2f125feb9cf58,OBS-5fea7598b3b16691,TL-815bd450e1d72349,PASIG-2026-AUG17-18,Manggahan,2026-08-17T20:30:00+08:00,2026-08-18T00:30:00+08:00,7.62,7.62,4.0,False,False
OBS-5fea7598b3b16691,OBS-11b7d549df4c8297,TL-815bd450e1d72349,PASIG-2026-AUG17-18,Manggahan,2026-08-18T00:30:00+08:00,2026-08-18T04:30:00+08:00,7.62,7.62,4.0,False,False
OBS-d54d7f627a526a4b,OBS-571a4797bc5686c8,TL-3cb92b66ce44c62e,PASIG-2026-AUG17-18,Manggahan,2026-08-17T20:30:00+08:00,2026-08-18T00:30:00+08:00,7.62,7.62,4.0,False,False
OBS-571a4797bc5686c8,OBS-14e7b163523eaa80,TL-3cb92b66ce44c62e,PASIG-2026-AUG17-18,Manggahan,2026-08-18T00:30:00+08:00,2026-08-18T04:30:00+08:00,7.62,7.62,4.0,False,False
OBS-8ac52dad97127474,OBS-d802041c57ddc936,TL-7e5c6eab2ddabd8a,PASIG-2026-AUG17-18,Manggahan,2026-08-17T20:30:00+08:00,2026-08-18T00:30:00+08:00,12.7,12.7,4.0,False,False
OBS-d802041c57ddc936,OBS-8aae0d61a82f274a,TL-7e5c6eab2ddabd8a,PASIG-2026-AUG17-18,Manggahan,2026-08-18T00:30:00+08:00,2026-08-18T04:30:00+08:00,12.7,12.7,4.0,False,False
OBS-39c2550d7f3bc97b,OBS-b1d226fe3c25c508,TL-8f723f8191d48d93,PASIG-2026-AUG17-18,Manggahan,2026-08-17T20:30:00+08:00,2026-08-18T00:30:00+08:00,12.7,12.7,4.0,False,False
OBS-b1d226fe3c25c508,OBS-7441487b5b6ccbbc,TL-8f723f8191d48d93,PASIG-2026-AUG17-18,Manggahan,2026-08-18T00:30:00+08:00,2026-08-18T04:30:00+08:00,12.7,12.7,4.0,False,False
OBS-c98cec2d054985dc,OBS-e3d7270778c53eec,TL-a32013d5e8ae7583,PASIG-2026-AUG17-18,Manggahan,2026-08-17T20:30:00+08:00,2026-08-18T00:30:00+08:00,12.7,12.7,4.0,False,False
OBS-e3d7270778c53eec,OBS-d3038b5c313afe92,TL-a32013d5e8ae7583,PASIG-2026-AUG17-18,Manggahan,2026-08-18T00:30:00+08:00,2026-08-18T04:30:00+08:00,12.7,12.7,4.0,False,False
OBS-b79ac055f994c225,OBS-5e7cb8780fdb465b,TL-df03987319abf294,PASIG-2026-AUG17-18,Maybunga,2026-08-17T20:30:00+08:00,2026-08-18T00:30:00+08:00,45.72,45.72,4.0,False,False
OBS-e4a509079ba1c733,OBS-6f784d1eccc27394,TL-d17d2179af1222cc,PASIG-2026-AUG17-18,Maybunga,2026-08-17T20:30:00+08:00,2026-08-18T00:30:00+08:00,30.48,30.48,4.0,False,False
OBS-77a2fce36b3660c5,OBS-7516ec9b72990612,TL-5f667bfca5b22f20,PASIG-2026-AUG17-18,Maybunga,2026-08-17T20:30:00+08:00,2026-08-18T00:30:00+08:00,7.62,7.62,4.0,False,False
OBS-a9353c61bb8ef986,OBS-c9ae0d5ba9e3de8e,TL-06cb82e8cd730832,PASIG-2026-AUG17-18,Oranbo,2026-08-17T20:30:00+08:00,2026-08-18T00:30:00+08:00,10.16,10.16,4.0,False,False
OBS-f21f1b7581e54b71,OBS-468d0044a7287cb7,TL-16fbc7f9f0049c8d,PASIG-2026-AUG17-18,San Miguel,2026-08-17T20:30:00+08:00,2026-08-18T00:30:00+08:00,7.62,7.62,4.0,False,False
OBS-a9fd99a73ecee909,OBS-cd38dc43c84f6f7c,TL-ece60e732762a95d,PASIG-2026-AUG17-18,San Miguel,2026-08-17T20:30:00+08:00,2026-08-18T00:30:00+08:00,60.96,60.96,4.0,False,False
OBS-c36ef54b272fbc2e,OBS-5150169f708d92e2,TL-48197883096c5efa,PASIG-2026-AUG17-18,San Miguel,2026-08-17T20:30:00+08:00,2026-08-18T00:30:00+08:00,5.0,5.0,4.0,False,False
OBS-1281e7e138cca877,OBS-5c97b0100ef47cda,TL-51b34648ee230e2f,PASIG-2026-AUG17-18,San Miguel,2026-08-17T20:30:00+08:00,2026-08-18T00:30:00+08:00,5.0,5.0,4.0,False,False
OBS-0cd7ea7a253d73df,OBS-1e0dbbd05a135b01,TL-ab1b105d9f96f84a,PASIG-2026-AUG17-18,San Miguel,2026-08-17T20:30:00+08:00,2026-08-18T00:30:00+08:00,12.7,12.7,4.0,False,False
OBS-7d636223aa758b4b,OBS-6cdfdf9e0797ebe2,TL-c6d1e6169fe18bb5,PASIG-2026-AUG17-18,San Miguel,2026-08-17T20:30:00+08:00,2026-08-18T00:30:00+08:00,12.7,12.7,4.0,False,False
OBS-5c29bd008fcbdd4a,OBS-71e7c3d34a17b4e8,TL-6872ad71d5f4e594,PASIG-2026-AUG17-18,San Miguel,2026-08-17T20:30:00+08:00,2026-08-18T00:30:00+08:00,12.7,12.7,4.0,False,False
OBS-3e76fdc39a960683,OBS-66d5369d55a4ca42,TL-5a78a1432204893a,PASIG-2026-AUG17-18,San Miguel,2026-08-17T20:30:00+08:00,2026-08-18T00:30:00+08:00,10.16,10.16,4.0,False,False
OBS-b6d2b6c32af00dc4,OBS-bdbea47599b60a2b,TL-6982612ada584d69,PASIG-2026-AUG17-18,San Miguel,2026-08-17T20:30:00+08:00,2026-08-18T00:30:00+08:00,10.16,10.16,4.0,False,False
OBS-154534ca8550bcda,OBS-69743ee49a3d3aee,TL-59bd02f7a8f37f44,PASIG-2026-AUG17-18,San Miguel,2026-08-17T20:30:00+08:00,2026-08-18T00:30:00+08:00,10.16,10.16,4.0,False,False
OBS-56591304e08245f7,OBS-faefac48e8d0e65c,TL-cd23d990d28078b1,PASIG-2026-AUG17-18,Santa Lucia,2026-08-17T20:30:00+08:00,2026-08-18T00:30:00+08:00,10.16,10.16,4.0,False,False
OBS-abef89143afa5c3a,OBS-9dec613f8251547d,TL-0eec0c04ade72bc1,PASIG-2026-AUG17-18,Santa Lucia,2026-08-17T20:30:00+08:00,2026-08-18T00:30:00+08:00,10.16,10.16,4.0,False,False
OBS-beadd0267ba7bdde,OBS-c38a5f0bfccd5cbb,TL-f44ed8f6d47623aa,PASIG-2026-AUG17-18,Santa Lucia,2026-08-17T20:30:00+08:00,2026-08-18T00:30:00+08:00,10.16,10.16,4.0,False,False
OBS-bfa454718dc1ef01,OBS-28cc11f80eaf955d,TL-545f2ab69cb5066a,PASIG-2026-AUG17-18,Santa Lucia,2026-08-17T20:30:00+08:00,2026-08-18T00:30:00+08:00,10.16,10.16,4.0,False,False
OBS-1fb967ecab28a189,OBS-b2e6f9585a2c914d,TL-e15e666c659a6bb7,PASIG-2026-AUG17-18,Santa Lucia,2026-08-17T20:30:00+08:00,2026-08-18T00:30:00+08:00,10.16,10.16,4.0,False,False
OBS-b2e6f9585a2c914d,OBS-ae6f2f640628331b,TL-e15e666c659a6bb7,PASIG-2026-AUG17-18,Santa Lucia,2026-08-18T00:30:00+08:00,2026-08-18T04:30:00+08:00,10.16,10.16,4.0,False,False
OBS-d41d19c6accac16d,OBS-041c36c4c912c778,TL-e1317a30c79b0410,PASIG-2026-AUG17-18,Santolan,2026-08-17T20:30:00+08:00,2026-08-18T00:30:00+08:00,40.0,40.0,4.0,False,False
OBS-b8b7945ec173f21e,OBS-ae4cf92a7b6de3ac,TL-ed304fbce2bf5403,PASIG-2026-AUG17-18,Santolan,2026-08-17T20:30:00+08:00,2026-08-18T00:30:00+08:00,40.0,40.0,4.0,False,False
OBS-037f3a0081fa52fb,OBS-862615125fdc3862,TL-1178417e636ae7f0,PASIG-2026-AUG17-18,Santolan,2026-08-17T20:30:00+08:00,2026-08-18T00:30:00+08:00,40.0,40.0,4.0,False,False
OBS-e633f9fe640238e0,OBS-ed707abee23f7da0,TL-4bd9afaaba229571,PASIG-2026-AUG17-18,Santolan,2026-08-17T20:30:00+08:00,2026-08-18T00:30:00+08:00,40.0,40.0,4.0,False,False
OBS-487c6f56317e33a0,OBS-dcc81cf66722c859,TL-51aa0fa556fdb4dc,PASIG-2026-AUG29-30,Dela Paz,2026-08-29T20:30:00+08:00,2026-08-29T22:30:00+08:00,60.96,60.96,2.0,False,False
OBS-a2c71aed901c649b,OBS-8b91f03bbc3428bd,TL-07cd192646d1e9c6,PASIG-2026-AUG29-30,Dela Paz,2026-08-29T20:30:00+08:00,2026-08-29T22:30:00+08:00,10.16,60.96,2.0,False,False
OBS-31cac35d3c82127e,OBS-2780069cd5916ebb,TL-cffd34ff6493cef2,PASIG-2026-AUG29-30,Manggahan,2026-08-29T20:30:00+08:00,2026-08-29T22:30:00+08:00,5.0,5.0,2.0,False,False
OBS-6149773b4430e7b9,OBS-a83ff8cb3f8b2efe,TL-476913efe7eef739,PASIG-2026-AUG29-30,Manggahan,2026-08-29T20:30:00+08:00,2026-08-29T22:30:00+08:00,5.0,5.0,2.0,False,False
OBS-7ed929e634d83fdd,OBS-6242091a148555b2,TL-8ac08f6203705360,PASIG-2026-AUG29-30,Manggahan,2026-08-29T20:30:00+08:00,2026-08-29T22:30:00+08:00,12.7,12.7,2.0,False,False
OBS-c758b35f15734624,OBS-38ef84b31bde5630,TL-d5a29f9c0962e8b6,PASIG-2026-AUG29-30,Manggahan,2026-08-29T20:30:00+08:00,2026-08-29T22:30:00+08:00,60.96,60.96,2.0,False,False
OBS-87d5aee2b6f5c60e,OBS-213fe671e69861d8,TL-84f7047432671b20,PASIG-2026-AUG29-30,Manggahan,2026-08-29T20:30:00+08:00,2026-08-29T22:30:00+08:00,12.7,12.7,2.0,False,False
OBS-7de7c79f35f64fc1,OBS-30304e2ede3dabd9,TL-ea80f0497c6fa111,PASIG-2026-AUG29-30,Manggahan,2026-08-29T20:30:00+08:00,2026-08-29T22:30:00+08:00,12.7,12.7,2.0,False,False
OBS-abaf5fcd91345e9a,OBS-f0855abeaa55f96b,TL-fc3c9c92b4628ba6,PASIG-2026-AUG29-30,Manggahan,2026-08-29T20:30:00+08:00,2026-08-29T22:30:00+08:00,5.0,5.0,2.0,False,False
OBS-02ddcc95c26f6e4a,OBS-fad0d0668941907f,TL-694880cc27d8cf88,PASIG-2026-AUG29-30,Manggahan,2026-08-29T20:30:00+08:00,2026-08-29T22:30:00+08:00,10.16,10.16,2.0,False,False
OBS-b86b2fcab539335f,OBS-e1931b6b0eb1001b,TL-9d9aaa2f18717ab6,PASIG-2026-AUG29-30,Pinagbuhatan,2026-08-29T20:30:00+08:00,2026-08-29T22:30:00+08:00,60.96,60.96,2.0,False,False
OBS-b9c5bb37940c401b,OBS-9abb5505d1172e79,TL-40f9e4fcd12fb044,PASIG-2026-AUG29-30,Santolan,2026-08-29T20:30:00+08:00,2026-08-29T22:30:00+08:00,5.0,5.0,2.0,False,False
OBS-faf0f9e6b551e28f,OBS-281a4396519aa6eb,TL-b7ecf786b649428a,PASIG-2026-AUG29-30,Santolan,2026-08-29T20:30:00+08:00,2026-08-29T22:30:00+08:00,12.7,7.6,2.0,False,False
OBS-c93a6383b8b89b21,OBS-7ff6462419b95ce9,TL-a108db90559a70ec,PASIG-2026-AUG29-30,Santolan,2026-08-29T20:30:00+08:00,2026-08-29T22:30:00+08:00,12.7,7.6,2.0,False,False
OBS-e51fce6360b9b3be,OBS-99a5dd7b286ccad1,TL-499fcd88fb253cfd,PASIG-2026-AUG29-30,Santolan,2026-08-29T20:30:00+08:00,2026-08-29T22:30:00+08:00,7.6,7.6,2.0,False,False
OBS-0b788fda06cf64fe,OBS-8ec75adef1d1c0bb,TL-ec7d315160976ee0,PASIG-2026-AUG29-30,Santolan,2026-08-29T20:30:00+08:00,2026-08-29T22:30:00+08:00,60.96,7.6,2.0,False,False
OBS-38b5c5c0de3a6aac,OBS-7b9b82f57fbe005f,TL-52e66337b20a91b6,PASIG-2026-AUG29-30,Santa Lucia,2026-08-29T20:30:00+08:00,2026-08-29T22:30:00+08:00,12.7,12.7,2.0,False,False
OBS-588c15ae51856611,OBS-bf37b8c390eabd7a,TL-23acbb2bdefbc5ab,PASIG-2026-AUG29-30,Santa Lucia,2026-08-29T20:30:00+08:00,2026-08-29T22:30:00+08:00,12.7,30.48,2.0,False,False
OBS-81fe55f5c0c26563,OBS-b08aff59a14b2921,TL-7c1c40ce48648fad,PASIG-2026-AUG29-30,Santa Lucia,2026-08-29T20:30:00+08:00,2026-08-29T22:30:00+08:00,25.4,25.4,2.0,False,False
OBS-db4c806da0405db1,OBS-7226996ce7a4460f,TL-b1d053a6bf717037,PASIG-2026-AUG29-30,Santa Lucia,2026-08-29T20:30:00+08:00,2026-08-29T22:30:00+08:00,60.96,15.24,2.0,False,False
OBS-6184e265fea16fdb,OBS-cec95dbf8aaff41e,TL-b60e119da731dbab,PASIG-2026-AUG29-30,Santa Lucia,2026-08-29T20:30:00+08:00,2026-08-29T22:30:00+08:00,25.4,15.24,2.0,False,False
OBS-57ed94777a9c8537,OBS-68e1436994348314,TL-b7e8dc0fca5d44e7,PASIG-2026-AUG29-30,Santa Lucia,2026-08-29T20:30:00+08:00,2026-08-29T22:30:00+08:00,60.96,15.24,2.0,False,False
OBS-67a2b83b5151e7a8,OBS-bb1a46030041de99,TL-eee0c9aaa2fd8336,PASIG-2026-AUG29-30,Santa Lucia,2026-08-29T20:30:00+08:00,2026-08-29T22:30:00+08:00,12.7,15.24,2.0,False,False
OBS-1ddfe265a7abcc0d,OBS-9c1dfe4137d9603d,TL-0ecb42b2e2a4440d,PASIG-2026-AUG29-30,Santa Lucia,2026-08-29T20:30:00+08:00,2026-08-29T22:30:00+08:00,60.96,60.96,2.0,False,False
OBS-796b1c56217cdbc1,OBS-76208a5c4784abab,TL-0e62f033cbb6894d,PASIG-2026-AUG29-30,Santa Lucia,2026-08-29T20:30:00+08:00,2026-08-29T22:30:00+08:00,10.16,10.16,2.0,False,False
OBS-be9b1aa427654a5d,OBS-a692ba35f9008692,TL-e8cfba063fd2988f,PASIG-2026-AUG29-30,Santa Lucia,2026-08-29T20:30:00+08:00,2026-08-29T22:30:00+08:00,38.1,91.44,2.0,False,False
OBS-c98cb99ba55d1b16,OBS-cfa86e82c6e3bbaa,TL-de1a7901da7294d1,PASIG-2026-AUG29-30,Santa Lucia,2026-08-29T20:30:00+08:00,2026-08-29T22:30:00+08:00,50.8,15.24,2.0,False,False
OBS-8a0586bf0f128304,OBS-0c3ba0b31a807bcd,TL-ee8f928885097b0a,PASIG-2026-AUG29-30,Santa Lucia,2026-08-29T20:30:00+08:00,2026-08-29T22:30:00+08:00,38.1,15.24,2.0,False,False
OBS-8bd73bbf73a6f02b,OBS-6226f3977fc236f5,TL-e685e98b476ffdd8,PASIG-2026-AUG29-30,Sumilang,2026-08-29T20:30:00+08:00,2026-08-29T22:30:00+08:00,12.7,12.7,2.0,False,False
OBS-832f91fb886095a1,OBS-5c6efe2e15e91940,TL-f6340f1f41fa77e3,PASIG-2026-AUG29-30,Sumilang,2026-08-29T20:30:00+08:00,2026-08-29T22:30:00+08:00,12.7,12.7,2.0,False,False
OBS-85ef363f3cf4b975,OBS-ddb6188a545381a7,TL-f3176d5a250ab6df,PASIG-2026-AUG29-30,Sumilang,2026-08-29T20:30:00+08:00,2026-08-29T22:30:00+08:00,12.7,12.7,2.0,False,False
OBS-67506f6cb148c643,OBS-a89e862f04c333c3,TL-6937011fbd6fabea,PASIG-2025-JUL21-25,Maybunga,2025-07-23T08:00:00+08:00,2025-07-23T09:00:00+08:00,30.48,30.48,1.0,False,False
OBS-713d35da3e1cbdb7,OBS-b67d22f589292a23,TL-9bfbd96c9cbfccb7,PASIG-2025-JUL21-25,Bagong Ilog,2025-07-25T20:30:00+08:00,2025-07-25T21:30:00+08:00,17.78,17.78,1.0,False,False
OBS-b67d22f589292a23,OBS-c34db11e8e26600d,TL-9bfbd96c9cbfccb7,PASIG-2025-JUL21-25,Bagong Ilog,2025-07-25T21:30:00+08:00,2025-07-25T23:30:00+08:00,17.78,17.78,2.0,False,False
OBS-e2a01e7fef9548a9,OBS-df11df5079d1e334,TL-7a9ed642d55cb290,PASIG-2025-JUL21-25,Sumilang,2025-07-25T18:30:00+08:00,2025-07-25T20:30:00+08:00,17.78,17.78,2.0,False,False
OBS-df11df5079d1e334,OBS-9f63859eaa1fc0f7,TL-7a9ed642d55cb290,PASIG-2025-JUL21-25,Sumilang,2025-07-25T20:30:00+08:00,2025-07-25T21:30:00+08:00,17.78,17.78,1.0,False,False
OBS-0f98b33dc3999445,OBS-b28e87c7fad7bdf3,TL-bcf9fbeb16f2b839,PASIG-2025-JUL21-25,Sumilang,2025-07-25T18:30:00+08:00,2025-07-25T20:30:00+08:00,17.78,17.78,2.0,False,False
OBS-b28e87c7fad7bdf3,OBS-e27463d641bb793a,TL-bcf9fbeb16f2b839,PASIG-2025-JUL21-25,Sumilang,2025-07-25T20:30:00+08:00,2025-07-25T21:30:00+08:00,17.78,17.78,1.0,False,False
OBS-fd6bf967c25aef14,OBS-e88df515e4177597,TL-01fb5eca29a0524e,PASIG-2025-JUL21-25,Sumilang,2025-07-25T18:30:00+08:00,2025-07-25T20:30:00+08:00,17.78,17.78,2.0,False,False
OBS-e88df515e4177597,OBS-b70c0bb95977640f,TL-01fb5eca29a0524e,PASIG-2025-JUL21-25,Sumilang,2025-07-25T20:30:00+08:00,2025-07-25T21:30:00+08:00,17.78,17.78,1.0,False,False
OBS-34b07eca464a22d0,OBS-5d83a861288edeb2,TL-8c6dd7ab577005d5,PASIG-2025-JUL21-25,Sumilang,2025-07-25T18:30:00+08:00,2025-07-25T20:30:00+08:00,17.78,17.78,2.0,False,False
OBS-5d83a861288edeb2,OBS-c5ced1b3960bb8a6,TL-8c6dd7ab577005d5,PASIG-2025-JUL21-25,Sumilang,2025-07-25T20:30:00+08:00,2025-07-25T21:30:00+08:00,17.78,7.62,1.0,False,False
OBS-72d7ae1c5615d91d,OBS-15ee6e5de233ea7d,TL-63a5f92c738829d2,PASIG-2025-JUL21-25,Sumilang,2025-07-25T18:30:00+08:00,2025-07-25T20:30:00+08:00,17.78,17.78,2.0,False,False
OBS-1ae159c92e2e6224,OBS-7dfa7f4422b560fd,TL-d4706c691744be3c,PASIG-2025-JUL21-25,Santa Lucia,2025-07-22T03:45:00+08:00,2025-07-22T06:00:00+08:00,10.16,91.44,2.25,False,False
OBS-7dfa7f4422b560fd,OBS-01b1e78f227f135c,TL-d4706c691744be3c,PASIG-2025-JUL21-25,Santa Lucia,2025-07-22T06:00:00+08:00,2025-07-22T08:00:00+08:00,91.44,91.44,2.0,False,False
OBS-01b1e78f227f135c,OBS-de6844ea4f840134,TL-d4706c691744be3c,PASIG-2025-JUL21-25,Santa Lucia,2025-07-22T08:00:00+08:00,2025-07-22T09:00:00+08:00,91.44,91.44,1.0,False,False
OBS-de6844ea4f840134,OBS-e0cfa2ca09cff2b1,TL-d4706c691744be3c,PASIG-2025-JUL21-25,Santa Lucia,2025-07-22T09:00:00+08:00,2025-07-22T11:00:00+08:00,91.44,91.44,2.0,False,False
OBS-e0cfa2ca09cff2b1,OBS-fd3b84522881b79e,TL-d4706c691744be3c,PASIG-2025-JUL21-25,Santa Lucia,2025-07-22T11:00:00+08:00,2025-07-22T14:00:00+08:00,91.44,91.44,3.0,False,False
OBS-4a7ce4a31966df8f,OBS-c8f2ed06fe7288e0,TL-4dc596f123cfdba4,PASIG-2025-JUL21-25,Santa Lucia,2025-07-22T03:45:00+08:00,2025-07-22T06:00:00+08:00,91.44,91.44,2.25,False,False
OBS-c8f2ed06fe7288e0,OBS-f8de7ae1f4fc0c71,TL-4dc596f123cfdba4,PASIG-2025-JUL21-25,Santa Lucia,2025-07-22T06:00:00+08:00,2025-07-22T08:00:00+08:00,91.44,91.44,2.0,False,False
OBS-f8de7ae1f4fc0c71,OBS-3952813bbf031118,TL-4dc596f123cfdba4,PASIG-2025-JUL21-25,Santa Lucia,2025-07-22T08:00:00+08:00,2025-07-22T09:00:00+08:00,91.44,91.44,1.0,False,False
OBS-3952813bbf031118,OBS-27d13fed7b70b8d4,TL-4dc596f123cfdba4,PASIG-2025-JUL21-25,Santa Lucia,2025-07-22T09:00:00+08:00,2025-07-22T11:00:00+08:00,91.44,91.44,2.0,False,False
OBS-27d13fed7b70b8d4,OBS-12bd36568be56361,TL-4dc596f123cfdba4,PASIG-2025-JUL21-25,Santa Lucia,2025-07-22T11:00:00+08:00,2025-07-22T14:00:00+08:00,91.44,91.44,3.0,False,False
OBS-12bd36568be56361,OBS-24747456b5c9e09d,TL-4dc596f123cfdba4,PASIG-2025-JUL21-25,Santa Lucia,2025-07-22T14:00:00+08:00,2025-07-22T15:00:00+08:00,91.44,91.44,1.0,False,False
OBS-0ad7d23fd60f6907,OBS-376977ad5d0518e7,TL-efabdae6eccc1d2c,PASIG-2025-JUL21-25,Santa Lucia,2025-07-22T03:45:00+08:00,2025-07-22T06:00:00+08:00,91.44,91.44,2.25,False,False
OBS-376977ad5d0518e7,OBS-87f2631c4386562f,TL-efabdae6eccc1d2c,PASIG-2025-JUL21-25,Santa Lucia,2025-07-22T06:00:00+08:00,2025-07-22T08:00:00+08:00,91.44,91.44,2.0,False,False
OBS-87f2631c4386562f,OBS-d81cc1ff11d8e770,TL-efabdae6eccc1d2c,PASIG-2025-JUL21-25,Santa Lucia,2025-07-22T08:00:00+08:00,2025-07-22T09:00:00+08:00,91.44,91.44,1.0,False,False
OBS-d81cc1ff11d8e770,OBS-02f0a6f987447e64,TL-efabdae6eccc1d2c,PASIG-2025-JUL21-25,Santa Lucia,2025-07-22T09:00:00+08:00,2025-07-22T11:00:00+08:00,91.44,91.44,2.0,False,False
OBS-02f0a6f987447e64,OBS-8415746f016d8f13,TL-efabdae6eccc1d2c,PASIG-2025-JUL21-25,Santa Lucia,2025-07-22T11:00:00+08:00,2025-07-22T14:00:00+08:00,91.44,91.44,3.0,False,False
OBS-8415746f016d8f13,OBS-44d93475f056d036,TL-efabdae6eccc1d2c,PASIG-2025-JUL21-25,Santa Lucia,2025-07-22T14:00:00+08:00,2025-07-22T15:00:00+08:00,91.44,91.44,1.0,False,False
OBS-7968ee3711b587a9,OBS-a9684d2cda32f8fb,TL-cf0e038045238189,PASIG-2025-JUL21-25,Santa Lucia,2025-07-22T06:00:00+08:00,2025-07-22T08:00:00+08:00,30.48,30.48,2.0,False,False
OBS-a9684d2cda32f8fb,OBS-5ecf5db3248bbd2a,TL-cf0e038045238189,PASIG-2025-JUL21-25,Santa Lucia,2025-07-22T08:00:00+08:00,2025-07-22T09:00:00+08:00,30.48,30.48,1.0,False,False
OBS-5ecf5db3248bbd2a,OBS-09e7116971760477,TL-cf0e038045238189,PASIG-2025-JUL21-25,Santa Lucia,2025-07-22T09:00:00+08:00,2025-07-22T11:00:00+08:00,30.48,30.48,2.0,False,False
OBS-09e7116971760477,OBS-8483841fa5db6952,TL-cf0e038045238189,PASIG-2025-JUL21-25,Santa Lucia,2025-07-22T11:00:00+08:00,2025-07-22T14:00:00+08:00,30.48,30.48,3.0,False,False
OBS-83eb1db10bd08051,OBS-de0c45aded35fafa,TL-b950ef1649ffac4a,PASIG-2025-JUL21-25,Santa Lucia,2025-07-22T06:00:00+08:00,2025-07-22T08:00:00+08:00,121.92,121.92,2.0,False,False
OBS-de0c45aded35fafa,OBS-d2dce198b64e3806,TL-b950ef1649ffac4a,PASIG-2025-JUL21-25,Santa Lucia,2025-07-22T08:00:00+08:00,2025-07-22T09:00:00+08:00,121.92,121.92,1.0,False,False
OBS-d2dce198b64e3806,OBS-94417c9545902a4f,TL-b950ef1649ffac4a,PASIG-2025-JUL21-25,Santa Lucia,2025-07-22T09:00:00+08:00,2025-07-22T11:00:00+08:00,121.92,121.92,2.0,False,False
OBS-94417c9545902a4f,OBS-c4a210ab4c77c9c8,TL-b950ef1649ffac4a,PASIG-2025-JUL21-25,Santa Lucia,2025-07-22T11:00:00+08:00,2025-07-22T14:00:00+08:00,121.92,121.92,3.0,False,False
OBS-c4a210ab4c77c9c8,OBS-f363426dd178edde,TL-b950ef1649ffac4a,PASIG-2025-JUL21-25,Santa Lucia,2025-07-22T14:00:00+08:00,2025-07-22T15:00:00+08:00,121.92,121.92,1.0,False,False
OBS-bf669b47a698cd8d,OBS-df608489d57c07e4,TL-c9a95d39caa053c8,PASIG-2025-JUL21-25,Santa Lucia,2025-07-22T06:00:00+08:00,2025-07-22T08:00:00+08:00,121.92,121.92,2.0,False,False
OBS-df608489d57c07e4,OBS-09f439ac51fd5690,TL-c9a95d39caa053c8,PASIG-2025-JUL21-25,Santa Lucia,2025-07-22T08:00:00+08:00,2025-07-22T09:00:00+08:00,121.92,121.92,1.0,False,False
OBS-09f439ac51fd5690,OBS-30d2ef008949373e,TL-c9a95d39caa053c8,PASIG-2025-JUL21-25,Santa Lucia,2025-07-22T09:00:00+08:00,2025-07-22T11:00:00+08:00,121.92,121.92,2.0,False,False
OBS-30d2ef008949373e,OBS-8b794801fe3989eb,TL-c9a95d39caa053c8,PASIG-2025-JUL21-25,Santa Lucia,2025-07-22T11:00:00+08:00,2025-07-22T14:00:00+08:00,121.92,121.92,3.0,False,False
OBS-8b794801fe3989eb,OBS-f58969bdd582848a,TL-c9a95d39caa053c8,PASIG-2025-JUL21-25,Santa Lucia,2025-07-22T14:00:00+08:00,2025-07-22T15:00:00+08:00,121.92,121.92,1.0,False,False
OBS-ea12163964516cb8,OBS-a2d722c2ff06a119,TL-ce9235df6e8ff53e,PASIG-2025-JUL21-25,Santa Lucia,2025-07-22T06:00:00+08:00,2025-07-22T08:00:00+08:00,121.92,121.92,2.0,False,False
OBS-a2d722c2ff06a119,OBS-34ee862d2b047165,TL-ce9235df6e8ff53e,PASIG-2025-JUL21-25,Santa Lucia,2025-07-22T08:00:00+08:00,2025-07-22T09:00:00+08:00,121.92,121.92,1.0,False,False
OBS-34ee862d2b047165,OBS-7ee783b8aec3cbe5,TL-ce9235df6e8ff53e,PASIG-2025-JUL21-25,Santa Lucia,2025-07-22T09:00:00+08:00,2025-07-22T11:00:00+08:00,121.92,121.92,2.0,False,False
OBS-7ee783b8aec3cbe5,OBS-b31115b710586f4e,TL-ce9235df6e8ff53e,PASIG-2025-JUL21-25,Santa Lucia,2025-07-22T11:00:00+08:00,2025-07-22T14:00:00+08:00,121.92,121.92,3.0,False,False
OBS-b31115b710586f4e,OBS-2614325a66dd0812,TL-ce9235df6e8ff53e,PASIG-2025-JUL21-25,Santa Lucia,2025-07-22T14:00:00+08:00,2025-07-22T15:00:00+08:00,121.92,121.92,1.0,False,False
OBS-588fb7f0e4b465b3,OBS-be880a7d937f73ec,TL-f38bc72c749216b2,PASIG-2025-JUL21-25,Santa Lucia,2025-07-22T08:00:00+08:00,2025-07-22T09:00:00+08:00,121.92,121.92,1.0,False,False
OBS-be880a7d937f73ec,OBS-7030f5c906965856,TL-f38bc72c749216b2,PASIG-2025-JUL21-25,Santa Lucia,2025-07-22T09:00:00+08:00,2025-07-22T11:00:00+08:00,121.92,121.92,2.0,False,False
OBS-7030f5c906965856,OBS-7147f4317f942368,TL-f38bc72c749216b2,PASIG-2025-JUL21-25,Santa Lucia,2025-07-22T11:00:00+08:00,2025-07-22T14:00:00+08:00,121.92,121.92,3.0,False,False
OBS-7147f4317f942368,OBS-aa14ec4293bb305f,TL-f38bc72c749216b2,PASIG-2025-JUL21-25,Santa Lucia,2025-07-22T14:00:00+08:00,2025-07-22T15:00:00+08:00,121.92,121.92,1.0,False,False
OBS-aa14ec4293bb305f,OBS-1059bb6a1e049c7e,TL-f38bc72c749216b2,PASIG-2025-JUL21-25,Santa Lucia,2025-07-22T15:00:00+08:00,2025-07-22T21:00:00+08:00,121.92,60.96,6.0,False,False
OBS-877a3524cb263ebd,OBS-6bef4899a3133b80,TL-473a8a723248d2e8,PASIG-2025-JUL21-25,Santa Lucia,2025-07-22T08:00:00+08:00,2025-07-22T09:00:00+08:00,91.44,91.44,1.0,False,False
OBS-6bef4899a3133b80,OBS-bc034828f9f35924,TL-473a8a723248d2e8,PASIG-2025-JUL21-25,Santa Lucia,2025-07-22T09:00:00+08:00,2025-07-22T11:00:00+08:00,91.44,91.44,2.0,False,False
OBS-bc034828f9f35924,OBS-e275f1d5c62e972b,TL-473a8a723248d2e8,PASIG-2025-JUL21-25,Santa Lucia,2025-07-22T11:00:00+08:00,2025-07-22T14:00:00+08:00,91.44,91.44,3.0,False,False
OBS-efcb1d3420c9a57a,OBS-b9ea08efc39de22c,TL-e5cb1a01fa7adcf0,PASIG-2025-JUL21-25,Manggahan,2025-07-22T08:00:00+08:00,2025-07-22T09:00:00+08:00,121.92,121.92,1.0,False,False
OBS-b9ea08efc39de22c,OBS-daf0829d765ef7c3,TL-e5cb1a01fa7adcf0,PASIG-2025-JUL21-25,Manggahan,2025-07-22T09:00:00+08:00,2025-07-22T11:00:00+08:00,121.92,121.92,2.0,False,False
OBS-daf0829d765ef7c3,OBS-6055008e047f041e,TL-e5cb1a01fa7adcf0,PASIG-2025-JUL21-25,Manggahan,2025-07-22T11:00:00+08:00,2025-07-22T14:00:00+08:00,121.92,121.92,3.0,False,False
OBS-6055008e047f041e,OBS-3ef56c97bdf9cd91,TL-e5cb1a01fa7adcf0,PASIG-2025-JUL21-25,Manggahan,2025-07-22T14:00:00+08:00,2025-07-22T15:00:00+08:00,121.92,121.92,1.0,False,False
OBS-44591a58d6417be4,OBS-d4ede364b48f4d49,TL-a005fc1f3afc02a6,PASIG-2025-JUL21-25,Manggahan,2025-07-22T08:00:00+08:00,2025-07-22T09:00:00+08:00,121.92,121.92,1.0,False,False
OBS-d4ede364b48f4d49,OBS-0466250b7bf917eb,TL-a005fc1f3afc02a6,PASIG-2025-JUL21-25,Manggahan,2025-07-22T09:00:00+08:00,2025-07-22T11:00:00+08:00,121.92,121.92,2.0,False,False
OBS-0466250b7bf917eb,OBS-05690c4a0ca0bde0,TL-a005fc1f3afc02a6,PASIG-2025-JUL21-25,Manggahan,2025-07-22T11:00:00+08:00,2025-07-22T14:00:00+08:00,121.92,121.92,3.0,False,False
OBS-05690c4a0ca0bde0,OBS-40c4f27a7ed8806c,TL-a005fc1f3afc02a6,PASIG-2025-JUL21-25,Manggahan,2025-07-22T14:00:00+08:00,2025-07-22T15:00:00+08:00,121.92,121.92,1.0,False,False
OBS-a6560cea399f7b79,OBS-72d5f718984486bf,TL-1dfae747f1b6d7f3,PASIG-2025-JUL21-25,Maybunga,2025-07-22T09:00:00+08:00,2025-07-22T11:00:00+08:00,60.96,60.96,2.0,False,False
OBS-72d5f718984486bf,OBS-d81b92dbf56f28a7,TL-1dfae747f1b6d7f3,PASIG-2025-JUL21-25,Maybunga,2025-07-22T11:00:00+08:00,2025-07-22T14:00:00+08:00,60.96,60.96,3.0,False,False
OBS-d81b92dbf56f28a7,OBS-077f2f1630e56ff1,TL-1dfae747f1b6d7f3,PASIG-2025-JUL21-25,Maybunga,2025-07-22T14:00:00+08:00,2025-07-22T15:00:00+08:00,60.96,60.96,1.0,False,False
OBS-c38777a3d2de04b4,OBS-90a43d3f3639ab64,TL-8b08a516e36ae57a,PASIG-2025-JUL21-25,Sagad,2025-07-22T09:00:00+08:00,2025-07-22T11:00:00+08:00,10.16,10.16,2.0,False,False
OBS-92bb5913a8de0858,OBS-fdef2618d2fbfd13,TL-5bc6f81b828d0f0e,PASIG-2025-JUL21-25,Sagad,2025-07-22T09:00:00+08:00,2025-07-22T11:00:00+08:00,60.96,60.96,2.0,False,False
OBS-948c1f6bc1c89d17,OBS-b8805f2fd78d8668,TL-d5415937a420a965,PASIG-2025-JUL21-25,Sagad,2025-07-22T09:00:00+08:00,2025-07-22T11:00:00+08:00,5.08,5.08,2.0,False,False
OBS-cb9da80fbdcedeb7,OBS-56d80b62ffd05fa4,TL-0a6c8ae6c45c7bdf,PASIG-2025-JUL21-25,Santa Lucia,2025-07-24T06:00:00+08:00,2025-07-24T11:00:00+08:00,30.48,7.62,5.0,False,False
