label_id,location,status,rejection_reasons,production_training_admitted,qualification_blockers,first_recorded_wet_at,reference_evidence_available_at,shared_outcome_group,episode,first_source_url
PROXY-INC-35abb5e4b13cc5b9,Maybunga,conditional_research_only,,False,only_three_shared_outcomes|no_verified_independent_storms|outcome_selected_cohort|collective_scope_and_continuity_assumed|historical_predictor_availability_unverified|no_prospective_calibration|fixed_prior_and_residual_scale_uncertainty_not_fully_modelled,2026-08-10T00:30:00+08:00,,OBS-c33d857e974b018d,PASIG-2026-AUG10-11,https://pasigcity.gov.ph/news-and-releases/southwest-monsoon-habagat-flood-update-as-of-1230-am-of-august-10-2026-588
PROXY-INC-9ba660ad0dce21f8,Maybunga,conditional_research_only,,False,only_three_shared_outcomes|no_verified_independent_storms|outcome_selected_cohort|collective_scope_and_continuity_assumed|historical_predictor_availability_unverified|no_prospective_calibration|fixed_prior_and_residual_scale_uncertainty_not_fully_modelled,2026-08-10T00:30:00+08:00,,OBS-c33d857e974b018d,PASIG-2026-AUG10-11,https://pasigcity.gov.ph/news-and-releases/southwest-monsoon-habagat-flood-update-as-of-1230-am-of-august-10-2026-588
PROXY-INC-f882daedcc8c11b7,Maybunga,conditional_research_only,,False,only_three_shared_outcomes|no_verified_independent_storms|outcome_selected_cohort|collective_scope_and_continuity_assumed|historical_predictor_availability_unverified|no_prospective_calibration|fixed_prior_and_residual_scale_uncertainty_not_fully_modelled,2026-08-10T00:30:00+08:00,,OBS-c33d857e974b018d,PASIG-2026-AUG10-11,https://pasigcity.gov.ph/news-and-releases/southwest-monsoon-habagat-flood-update-as-of-1230-am-of-august-10-2026-588
PROXY-INC-661cac47841ad723,Maybunga,conditional_research_only,,False,only_three_shared_outcomes|no_verified_independent_storms|outcome_selected_cohort|collective_scope_and_continuity_assumed|historical_predictor_availability_unverified|no_prospective_calibration|fixed_prior_and_residual_scale_uncertainty_not_fully_modelled,2026-08-10T00:30:00+08:00,,OBS-c33d857e974b018d,PASIG-2026-AUG10-11,https://pasigcity.gov.ph/news-and-releases/southwest-monsoon-habagat-flood-update-as-of-1230-am-of-august-10-2026-588
PROXY-INC-f1f10563ab38aee7,Maybunga,conditional_research_only,,False,only_three_shared_outcomes|no_verified_independent_storms|outcome_selected_cohort|collective_scope_and_continuity_assumed|historical_predictor_availability_unverified|no_prospective_calibration|fixed_prior_and_residual_scale_uncertainty_not_fully_modelled,2026-08-10T00:30:00+08:00,,OBS-c33d857e974b018d,PASIG-2026-AUG10-11,https://pasigcity.gov.ph/news-and-releases/southwest-monsoon-habagat-flood-update-as-of-1230-am-of-august-10-2026-588
PROXY-INC-76baf9638ad8b299,Maybunga,conditional_research_only,,False,only_three_shared_outcomes|no_verified_independent_storms|outcome_selected_cohort|collective_scope_and_continuity_assumed|historical_predictor_availability_unverified|no_prospective_calibration|fixed_prior_and_residual_scale_uncertainty_not_fully_modelled,2026-08-10T00:30:00+08:00,,OBS-c33d857e974b018d,PASIG-2026-AUG10-11,https://pasigcity.gov.ph/news-and-releases/southwest-monsoon-habagat-flood-update-as-of-1230-am-of-august-10-2026-588
PROXY-INC-4bf5cd257f6ebdab,Maybunga,conditional_research_only,,False,only_three_shared_outcomes|no_verified_independent_storms|outcome_selected_cohort|collective_scope_and_continuity_assumed|historical_predictor_availability_unverified|no_prospective_calibration|fixed_prior_and_residual_scale_uncertainty_not_fully_modelled,2026-08-10T00:30:00+08:00,,OBS-c33d857e974b018d,PASIG-2026-AUG10-11,https://pasigcity.gov.ph/news-and-releases/southwest-monsoon-habagat-flood-update-as-of-1230-am-of-august-10-2026-588
PROXY-INC-2a34388f79b098d6,Maybunga,conditional_research_only,,False,only_three_shared_outcomes|no_verified_independent_storms|outcome_selected_cohort|collective_scope_and_continuity_assumed|historical_predictor_availability_unverified|no_prospective_calibration|fixed_prior_and_residual_scale_uncertainty_not_fully_modelled,2026-08-10T00:30:00+08:00,,OBS-c33d857e974b018d,PASIG-2026-AUG10-11,https://pasigcity.gov.ph/news-and-releases/southwest-monsoon-habagat-flood-update-as-of-1230-am-of-august-10-2026-588
PROXY-INC-91d7a4b2ac3ef6be,Dela Paz,conditional_research_only,,False,only_three_shared_outcomes|no_verified_independent_storms|outcome_selected_cohort|collective_scope_and_continuity_assumed|historical_predictor_availability_unverified|no_prospective_calibration|fixed_prior_and_residual_scale_uncertainty_not_fully_modelled,2026-08-17T20:30:00+08:00,,OBS-7d1d5441f76ee802,PASIG-2026-AUG17-18,https://www.gmanetwork.com/news/topstories/metro/998778/list-flooded-roads-in-metro-manila-on-monday-morning/story/
PROXY-INC-ea0b17dc6abd3ef4,Dela Paz,rejected,depth_not_qualified_exact_numeric|invalid_depth_duration_or_episode,False,only_three_shared_outcomes|no_verified_independent_storms|outcome_selected_cohort|collective_scope_and_continuity_assumed|historical_predictor_availability_unverified|no_prospective_calibration|fixed_prior_and_residual_scale_uncertainty_not_fully_modelled,2026-08-29T20:30:00+08:00,,OBS-aed0c046a22c54b0,PASIG-2026-AUG29-30,https://pasigcity.gov.ph/news-and-releases/southwest-monsoon-habagat-flood-update-as-of-830-pm-of-august-29-2026-903
PROXY-INC-c6f004e00efab6ab,Dela Paz,conditional_research_only,,False,only_three_shared_outcomes|no_verified_independent_storms|outcome_selected_cohort|collective_scope_and_continuity_assumed|historical_predictor_availability_unverified|no_prospective_calibration|fixed_prior_and_residual_scale_uncertainty_not_fully_modelled,2026-08-29T20:30:00+08:00,,OBS-aed0c046a22c54b0,PASIG-2026-AUG29-30,https://pasigcity.gov.ph/news-and-releases/southwest-monsoon-habagat-flood-update-as-of-830-pm-of-august-29-2026-903
PROXY-INC-a3dde416ca160dbd,Dela Paz,conditional_research_only,,False,only_three_shared_outcomes|no_verified_independent_storms|outcome_selected_cohort|collective_scope_and_continuity_assumed|historical_predictor_availability_unverified|no_prospective_calibration|fixed_prior_and_residual_scale_uncertainty_not_fully_modelled,2026-08-29T20:30:00+08:00,,OBS-aed0c046a22c54b0,PASIG-2026-AUG29-30,https://pasigcity.gov.ph/news-and-releases/southwest-monsoon-habagat-flood-update-as-of-830-pm-of-august-29-2026-903
PROXY-INC-25f397f2a2ad61de,Dela Paz,conditional_research_only,,False,only_three_shared_outcomes|no_verified_independent_storms|outcome_selected_cohort|collective_scope_and_continuity_assumed|historical_predictor_availability_unverified|no_prospective_calibration|fixed_prior_and_residual_scale_uncertainty_not_fully_modelled,2026-08-30T05:00:00+08:00,,OBS-aed0c046a22c54b0,PASIG-2026-AUG29-30,https://pasigcity.gov.ph/news-and-releases/southwest-monsoon-habagat-flood-update-as-of-1100-am-of-august-30-2026-965
PROXY-INC-da25aa924cb03505,Dela Paz,conditional_research_only,,False,only_three_shared_outcomes|no_verified_independent_storms|outcome_selected_cohort|collective_scope_and_continuity_assumed|historical_predictor_availability_unverified|no_prospective_calibration|fixed_prior_and_residual_scale_uncertainty_not_fully_modelled,2026-08-30T05:00:00+08:00,,OBS-aed0c046a22c54b0,PASIG-2026-AUG29-30,https://pasigcity.gov.ph/news-and-releases/southwest-monsoon-habagat-flood-update-as-of-1100-am-of-august-30-2026-965
PROXY-INC-bb76aa1598b6b776,Santolan,conditional_research_only,,False,only_three_shared_outcomes|no_verified_independent_storms|outcome_selected_cohort|collective_scope_and_continuity_assumed|historical_predictor_availability_unverified|no_prospective_calibration|fixed_prior_and_residual_scale_uncertainty_not_fully_modelled,2026-08-29T22:30:00+08:00,,OBS-aed0c046a22c54b0,PASIG-2026-AUG29-30,https://pasigcity.gov.ph/news-and-releases/southwest-monsoon-habagat-flood-update-as-of-1030-pm-of-august-29-2026-757
PROXY-INC-87ac61acbb60b99d,Santolan,conditional_research_only,,False,only_three_shared_outcomes|no_verified_independent_storms|outcome_selected_cohort|collective_scope_and_continuity_assumed|historical_predictor_availability_unverified|no_prospective_calibration|fixed_prior_and_residual_scale_uncertainty_not_fully_modelled,2026-08-29T22:30:00+08:00,,OBS-aed0c046a22c54b0,PASIG-2026-AUG29-30,https://pasigcity.gov.ph/news-and-releases/southwest-monsoon-habagat-flood-update-as-of-1030-pm-of-august-29-2026-757
PROXY-INC-a5663456c0ee4d68,Santolan,conditional_research_only,,False,only_three_shared_outcomes|no_verified_independent_storms|outcome_selected_cohort|collective_scope_and_continuity_assumed|historical_predictor_availability_unverified|no_prospective_calibration|fixed_prior_and_residual_scale_uncertainty_not_fully_modelled,2026-08-29T22:30:00+08:00,,OBS-aed0c046a22c54b0,PASIG-2026-AUG29-30,https://pasigcity.gov.ph/news-and-releases/southwest-monsoon-habagat-flood-update-as-of-1030-pm-of-august-29-2026-757
PROXY-INC-b4f2a57eb8b42541,Santolan,conditional_research_only,,False,only_three_shared_outcomes|no_verified_independent_storms|outcome_selected_cohort|collective_scope_and_continuity_assumed|historical_predictor_availability_unverified|no_prospective_calibration|fixed_prior_and_residual_scale_uncertainty_not_fully_modelled,2026-08-29T20:30:00+08:00,,OBS-aed0c046a22c54b0,PASIG-2026-AUG29-30,https://pasigcity.gov.ph/news-and-releases/southwest-monsoon-habagat-flood-update-as-of-830-pm-of-august-29-2026-903
PROXY-INC-b721796bf2989553,Santolan,conditional_research_only,,False,only_three_shared_outcomes|no_verified_independent_storms|outcome_selected_cohort|collective_scope_and_continuity_assumed|historical_predictor_availability_unverified|no_prospective_calibration|fixed_prior_and_residual_scale_uncertainty_not_fully_modelled,2026-08-29T20:30:00+08:00,,OBS-aed0c046a22c54b0,PASIG-2026-AUG29-30,https://pasigcity.gov.ph/news-and-releases/southwest-monsoon-habagat-flood-update-as-of-830-pm-of-august-29-2026-903
PROXY-INC-2395500d7b0d8dcf,Santolan,conditional_research_only,,False,only_three_shared_outcomes|no_verified_independent_storms|outcome_selected_cohort|collective_scope_and_continuity_assumed|historical_predictor_availability_unverified|no_prospective_calibration|fixed_prior_and_residual_scale_uncertainty_not_fully_modelled,2026-08-29T20:30:00+08:00,,OBS-aed0c046a22c54b0,PASIG-2026-AUG29-30,https://pasigcity.gov.ph/news-and-releases/southwest-monsoon-habagat-flood-update-as-of-830-pm-of-august-29-2026-903
PROXY-INC-dc0e0a5fa3c71e94,Santolan,conditional_research_only,,False,only_three_shared_outcomes|no_verified_independent_storms|outcome_selected_cohort|collective_scope_and_continuity_assumed|historical_predictor_availability_unverified|no_prospective_calibration|fixed_prior_and_residual_scale_uncertainty_not_fully_modelled,2026-08-29T20:30:00+08:00,,OBS-aed0c046a22c54b0,PASIG-2026-AUG29-30,https://pasigcity.gov.ph/news-and-releases/southwest-monsoon-habagat-flood-update-as-of-830-pm-of-august-29-2026-903
PROXY-INC-86e1075032a32781,Santolan,conditional_research_only,,False,only_three_shared_outcomes|no_verified_independent_storms|outcome_selected_cohort|collective_scope_and_continuity_assumed|historical_predictor_availability_unverified|no_prospective_calibration|fixed_prior_and_residual_scale_uncertainty_not_fully_modelled,2026-08-29T20:30:00+08:00,,OBS-aed0c046a22c54b0,PASIG-2026-AUG29-30,https://pasigcity.gov.ph/news-and-releases/southwest-monsoon-habagat-flood-update-as-of-830-pm-of-august-29-2026-903
PROXY-INC-295625e57bd95417,Santolan,conditional_research_only,,False,only_three_shared_outcomes|no_verified_independent_storms|outcome_selected_cohort|collective_scope_and_continuity_assumed|historical_predictor_availability_unverified|no_prospective_calibration|fixed_prior_and_residual_scale_uncertainty_not_fully_modelled,2026-08-29T22:30:00+08:00,,OBS-aed0c046a22c54b0,PASIG-2026-AUG29-30,https://pasigcity.gov.ph/news-and-releases/southwest-monsoon-habagat-flood-update-as-of-1030-pm-of-august-29-2026-757
PROXY-INC-e7d366b36c0fb720,Santolan,conditional_research_only,,False,only_three_shared_outcomes|no_verified_independent_storms|outcome_selected_cohort|collective_scope_and_continuity_assumed|historical_predictor_availability_unverified|no_prospective_calibration|fixed_prior_and_residual_scale_uncertainty_not_fully_modelled,2026-08-29T20:30:00+08:00,,OBS-aed0c046a22c54b0,PASIG-2026-AUG29-30,https://pasigcity.gov.ph/news-and-releases/southwest-monsoon-habagat-flood-update-as-of-830-pm-of-august-29-2026-903
PROXY-INC-005dbe3d7a2d58f8,Santolan,conditional_research_only,,False,only_three_shared_outcomes|no_verified_independent_storms|outcome_selected_cohort|collective_scope_and_continuity_assumed|historical_predictor_availability_unverified|no_prospective_calibration|fixed_prior_and_residual_scale_uncertainty_not_fully_modelled,2026-08-29T20:30:00+08:00,,OBS-aed0c046a22c54b0,PASIG-2026-AUG29-30,https://pasigcity.gov.ph/news-and-releases/southwest-monsoon-habagat-flood-update-as-of-830-pm-of-august-29-2026-903
PROXY-INC-fd3d2e2025befa46,Santa Lucia,conditional_research_only,,False,only_three_shared_outcomes|no_verified_independent_storms|outcome_selected_cohort|collective_scope_and_continuity_assumed|historical_predictor_availability_unverified|no_prospective_calibration|fixed_prior_and_residual_scale_uncertainty_not_fully_modelled,2026-08-29T20:30:00+08:00,,OBS-aed0c046a22c54b0,PASIG-2026-AUG29-30,https://pasigcity.gov.ph/news-and-releases/southwest-monsoon-habagat-flood-update-as-of-830-pm-of-august-29-2026-903
PROXY-INC-6c347db5bc76f8fc,Santa Lucia,conditional_research_only,,False,only_three_shared_outcomes|no_verified_independent_storms|outcome_selected_cohort|collective_scope_and_continuity_assumed|historical_predictor_availability_unverified|no_prospective_calibration|fixed_prior_and_residual_scale_uncertainty_not_fully_modelled,2026-08-29T20:30:00+08:00,,OBS-aed0c046a22c54b0,PASIG-2026-AUG29-30,https://pasigcity.gov.ph/news-and-releases/southwest-monsoon-habagat-flood-update-as-of-830-pm-of-august-29-2026-903
PROXY-INC-f009390a130af3b9,Santa Lucia,conditional_research_only,,False,only_three_shared_outcomes|no_verified_independent_storms|outcome_selected_cohort|collective_scope_and_continuity_assumed|historical_predictor_availability_unverified|no_prospective_calibration|fixed_prior_and_residual_scale_uncertainty_not_fully_modelled,2026-08-29T20:30:00+08:00,,OBS-aed0c046a22c54b0,PASIG-2026-AUG29-30,https://pasigcity.gov.ph/news-and-releases/southwest-monsoon-habagat-flood-update-as-of-830-pm-of-august-29-2026-903
PROXY-INC-9844de12e0995842,Santa Lucia,conditional_research_only,,False,only_three_shared_outcomes|no_verified_independent_storms|outcome_selected_cohort|collective_scope_and_continuity_assumed|historical_predictor_availability_unverified|no_prospective_calibration|fixed_prior_and_residual_scale_uncertainty_not_fully_modelled,2026-08-29T20:30:00+08:00,,OBS-aed0c046a22c54b0,PASIG-2026-AUG29-30,https://pasigcity.gov.ph/news-and-releases/southwest-monsoon-habagat-flood-update-as-of-830-pm-of-august-29-2026-903
PROXY-INC-6630dd9772b374e2,Santa Lucia,conditional_research_only,,False,only_three_shared_outcomes|no_verified_independent_storms|outcome_selected_cohort|collective_scope_and_continuity_assumed|historical_predictor_availability_unverified|no_prospective_calibration|fixed_prior_and_residual_scale_uncertainty_not_fully_modelled,2026-08-29T20:30:00+08:00,,OBS-aed0c046a22c54b0,PASIG-2026-AUG29-30,https://pasigcity.gov.ph/news-and-releases/southwest-monsoon-habagat-flood-update-as-of-830-pm-of-august-29-2026-903
PROXY-INC-d4fdb60969af9890,Santa Lucia,conditional_research_only,,False,only_three_shared_outcomes|no_verified_independent_storms|outcome_selected_cohort|collective_scope_and_continuity_assumed|historical_predictor_availability_unverified|no_prospective_calibration|fixed_prior_and_residual_scale_uncertainty_not_fully_modelled,2026-08-29T20:30:00+08:00,,OBS-aed0c046a22c54b0,PASIG-2026-AUG29-30,https://pasigcity.gov.ph/news-and-releases/southwest-monsoon-habagat-flood-update-as-of-830-pm-of-august-29-2026-903
PROXY-INC-88e154fb6acf748f,Santa Lucia,conditional_research_only,,False,only_three_shared_outcomes|no_verified_independent_storms|outcome_selected_cohort|collective_scope_and_continuity_assumed|historical_predictor_availability_unverified|no_prospective_calibration|fixed_prior_and_residual_scale_uncertainty_not_fully_modelled,2026-08-29T20:30:00+08:00,,OBS-aed0c046a22c54b0,PASIG-2026-AUG29-30,https://pasigcity.gov.ph/news-and-releases/southwest-monsoon-habagat-flood-update-as-of-830-pm-of-august-29-2026-903
PROXY-INC-44805be6b98bf08b,Santa Lucia,conditional_research_only,,False,only_three_shared_outcomes|no_verified_independent_storms|outcome_selected_cohort|collective_scope_and_continuity_assumed|historical_predictor_availability_unverified|no_prospective_calibration|fixed_prior_and_residual_scale_uncertainty_not_fully_modelled,2026-08-29T20:30:00+08:00,,OBS-aed0c046a22c54b0,PASIG-2026-AUG29-30,https://pasigcity.gov.ph/news-and-releases/southwest-monsoon-habagat-flood-update-as-of-830-pm-of-august-29-2026-903
PROXY-INC-eca347e799922e6d,Santa Lucia,conditional_research_only,,False,only_three_shared_outcomes|no_verified_independent_storms|outcome_selected_cohort|collective_scope_and_continuity_assumed|historical_predictor_availability_unverified|no_prospective_calibration|fixed_prior_and_residual_scale_uncertainty_not_fully_modelled,2026-08-29T20:30:00+08:00,,OBS-aed0c046a22c54b0,PASIG-2026-AUG29-30,https://pasigcity.gov.ph/news-and-releases/southwest-monsoon-habagat-flood-update-as-of-830-pm-of-august-29-2026-903
PROXY-INC-2cebbda52ea120b2,Santa Lucia,conditional_research_only,,False,only_three_shared_outcomes|no_verified_independent_storms|outcome_selected_cohort|collective_scope_and_continuity_assumed|historical_predictor_availability_unverified|no_prospective_calibration|fixed_prior_and_residual_scale_uncertainty_not_fully_modelled,2026-08-29T20:30:00+08:00,,OBS-aed0c046a22c54b0,PASIG-2026-AUG29-30,https://pasigcity.gov.ph/news-and-releases/southwest-monsoon-habagat-flood-update-as-of-830-pm-of-august-29-2026-903
PROXY-INC-2426ac9069657ba3,Santa Lucia,conditional_research_only,,False,only_three_shared_outcomes|no_verified_independent_storms|outcome_selected_cohort|collective_scope_and_continuity_assumed|historical_predictor_availability_unverified|no_prospective_calibration|fixed_prior_and_residual_scale_uncertainty_not_fully_modelled,2026-08-29T20:30:00+08:00,,OBS-aed0c046a22c54b0,PASIG-2026-AUG29-30,https://pasigcity.gov.ph/news-and-releases/southwest-monsoon-habagat-flood-update-as-of-830-pm-of-august-29-2026-903
PROXY-INC-6ef77703ff086416,Santa Lucia,conditional_research_only,,False,only_three_shared_outcomes|no_verified_independent_storms|outcome_selected_cohort|collective_scope_and_continuity_assumed|historical_predictor_availability_unverified|no_prospective_calibration|fixed_prior_and_residual_scale_uncertainty_not_fully_modelled,2026-08-29T20:30:00+08:00,,OBS-aed0c046a22c54b0,PASIG-2026-AUG29-30,https://pasigcity.gov.ph/news-and-releases/southwest-monsoon-habagat-flood-update-as-of-830-pm-of-august-29-2026-903
