observation_id,location,outcome_group,episode,depth_cm,lower_minutes,upper_minutes
PROXY-INC-35abb5e4b13cc5b9,Maybunga,OBS-c33d857e974b018d,PASIG-2026-AUG10-11,38.1,1740.0,2000.0
PROXY-INC-9ba660ad0dce21f8,Maybunga,OBS-c33d857e974b018d,PASIG-2026-AUG10-11,38.1,1740.0,2000.0
PROXY-INC-f882daedcc8c11b7,Maybunga,OBS-c33d857e974b018d,PASIG-2026-AUG10-11,38.1,1740.0,2000.0
PROXY-INC-661cac47841ad723,Maybunga,OBS-c33d857e974b018d,PASIG-2026-AUG10-11,38.1,1740.0,2000.0
PROXY-INC-f1f10563ab38aee7,Maybunga,OBS-c33d857e974b018d,PASIG-2026-AUG10-11,38.1,1740.0,2000.0
PROXY-INC-76baf9638ad8b299,Maybunga,OBS-c33d857e974b018d,PASIG-2026-AUG10-11,38.1,1740.0,2000.0
PROXY-INC-4bf5cd257f6ebdab,Maybunga,OBS-c33d857e974b018d,PASIG-2026-AUG10-11,38.1,1740.0,2000.0
PROXY-INC-2a34388f79b098d6,Maybunga,OBS-c33d857e974b018d,PASIG-2026-AUG10-11,38.1,1740.0,2000.0
PROXY-INC-91d7a4b2ac3ef6be,Dela Paz,OBS-7d1d5441f76ee802,PASIG-2026-AUG17-18,91.44,930.0,1050.0
PROXY-INC-c6f004e00efab6ab,Dela Paz,OBS-aed0c046a22c54b0,PASIG-2026-AUG29-30,60.96,510.0,870.0
PROXY-INC-a3dde416ca160dbd,Dela Paz,OBS-aed0c046a22c54b0,PASIG-2026-AUG29-30,10.16,510.0,870.0
PROXY-INC-25f397f2a2ad61de,Dela Paz,OBS-aed0c046a22c54b0,PASIG-2026-AUG29-30,60.96,0.0,360.0
PROXY-INC-da25aa924cb03505,Dela Paz,OBS-aed0c046a22c54b0,PASIG-2026-AUG29-30,60.96,0.0,360.0
PROXY-INC-bb76aa1598b6b776,Santolan,OBS-aed0c046a22c54b0,PASIG-2026-AUG29-30,91.44,390.0,750.0
PROXY-INC-87ac61acbb60b99d,Santolan,OBS-aed0c046a22c54b0,PASIG-2026-AUG29-30,30.48,390.0,750.0
PROXY-INC-a5663456c0ee4d68,Santolan,OBS-aed0c046a22c54b0,PASIG-2026-AUG29-30,10.16,390.0,750.0
PROXY-INC-b4f2a57eb8b42541,Santolan,OBS-aed0c046a22c54b0,PASIG-2026-AUG29-30,5.0,510.0,870.0
PROXY-INC-b721796bf2989553,Santolan,OBS-aed0c046a22c54b0,PASIG-2026-AUG29-30,12.7,510.0,870.0
PROXY-INC-2395500d7b0d8dcf,Santolan,OBS-aed0c046a22c54b0,PASIG-2026-AUG29-30,12.7,510.0,870.0
PROXY-INC-dc0e0a5fa3c71e94,Santolan,OBS-aed0c046a22c54b0,PASIG-2026-AUG29-30,7.6,510.0,870.0
PROXY-INC-86e1075032a32781,Santolan,OBS-aed0c046a22c54b0,PASIG-2026-AUG29-30,60.96,510.0,870.0
PROXY-INC-295625e57bd95417,Santolan,OBS-aed0c046a22c54b0,PASIG-2026-AUG29-30,60.96,390.0,750.0
PROXY-INC-e7d366b36c0fb720,Santolan,OBS-aed0c046a22c54b0,PASIG-2026-AUG29-30,5.0,510.0,870.0
PROXY-INC-005dbe3d7a2d58f8,Santolan,OBS-aed0c046a22c54b0,PASIG-2026-AUG29-30,5.0,510.0,870.0
PROXY-INC-fd3d2e2025befa46,Santa Lucia,OBS-aed0c046a22c54b0,PASIG-2026-AUG29-30,12.7,510.0,870.0
PROXY-INC-6c347db5bc76f8fc,Santa Lucia,OBS-aed0c046a22c54b0,PASIG-2026-AUG29-30,12.7,510.0,870.0
PROXY-INC-f009390a130af3b9,Santa Lucia,OBS-aed0c046a22c54b0,PASIG-2026-AUG29-30,25.4,510.0,870.0
PROXY-INC-9844de12e0995842,Santa Lucia,OBS-aed0c046a22c54b0,PASIG-2026-AUG29-30,60.96,510.0,870.0
PROXY-INC-6630dd9772b374e2,Santa Lucia,OBS-aed0c046a22c54b0,PASIG-2026-AUG29-30,25.4,510.0,870.0
PROXY-INC-d4fdb60969af9890,Santa Lucia,OBS-aed0c046a22c54b0,PASIG-2026-AUG29-30,60.96,510.0,870.0
PROXY-INC-88e154fb6acf748f,Santa Lucia,OBS-aed0c046a22c54b0,PASIG-2026-AUG29-30,12.7,510.0,870.0
PROXY-INC-44805be6b98bf08b,Santa Lucia,OBS-aed0c046a22c54b0,PASIG-2026-AUG29-30,60.96,510.0,870.0
PROXY-INC-eca347e799922e6d,Santa Lucia,OBS-aed0c046a22c54b0,PASIG-2026-AUG29-30,10.16,510.0,870.0
PROXY-INC-2cebbda52ea120b2,Santa Lucia,OBS-aed0c046a22c54b0,PASIG-2026-AUG29-30,38.1,510.0,870.0
PROXY-INC-2426ac9069657ba3,Santa Lucia,OBS-aed0c046a22c54b0,PASIG-2026-AUG29-30,50.8,510.0,870.0
PROXY-INC-6ef77703ff086416,Santa Lucia,OBS-aed0c046a22c54b0,PASIG-2026-AUG29-30,38.1,510.0,870.0
