evidence_layer,record_id,barangay,location,wet_observed_at,source_year,passable_upper_at_separate_target,reported_subsidence_at,duration_training_admitted,source_dataset,source_capture,source_url,source_line,passability_outcome_record_id,passability_outcome_capture,passability_outcome_source_url,qualification_note
annual,2021:59,Ugong,F. Legaspi St.,,2021,,,False,data/flooded_areas_pasig_clean.csv,,,,,,,Annual location/depth context; no observation or outcome clock.
annual,2022:104,Ugong,F. Legaspi St.,,2022,,,False,data/flooded_areas_pasig_clean.csv,,,,,,,Annual location/depth context; no observation or outcome clock.
annual,2024:13,Ugong,C5 Road corner Canley Road,,2024,,,False,data/flooded_areas_pasig_clean.csv,,,,,,,Annual location/depth context; no observation or outcome clock.
annual,2024:42,Ugong,C5 Road,,2024,,,False,data/flooded_areas_pasig_clean.csv,,,,,,,Annual location/depth context; no observation or outcome clock.
annual,2024:74,Ugong,C5 Road corner Eagle St.,,2024,,,False,data/flooded_areas_pasig_clean.csv,,,,,,,Annual location/depth context; no observation or outcome clock.
annual,2025:66,Ugong,C. Santos St.,,2025,,,False,data/flooded_areas_pasig_clean.csv,,,,,,,Annual location/depth context; no observation or outcome clock.
annual,2025:167,Ugong,C5 Road Hypermarket,,2025,,,False,data/flooded_areas_pasig_clean.csv,,,,,,,Annual location/depth context; no observation or outcome clock.
annual,2025:168,Ugong,Meralco Ave. The Alexandra,,2025,,,False,data/flooded_areas_pasig_clean.csv,,,,,,,Annual location/depth context; no observation or outcome clock.
wet,OBS-599a2e2b72850062,Ugong,Eagle St. cor. C5 Rd. - Brgy.Ugong,2024-07-24T18:00:00+08:00,,,,False,docs/evaluations/pasig-duration-followup-20261005/pasig_wet_observations.csv,docs/evaluations/flood-duration-pilot-20261004/sources/PASIG-20240725-0400.b6d9289c2c3d.txt,https://pasigcity.gov.ph/news-and-releases/flood-update-as-of-0400am-july-25-2024-601,68,,,,excluded_wet_snapshot_alone_has_no_outcome
wet,OBS-5a353dafeacbd679,Ugong,Eagle st cor C5 rd. Brgy.Ugong,2024-07-24T17:00:00+08:00,,,,False,docs/evaluations/pasig-duration-followup-20261005/pasig_wet_observations.csv,docs/evaluations/flood-duration-pilot-20261004/sources/PASIG-20240725-0400.b6d9289c2c3d.txt,https://pasigcity.gov.ph/news-and-releases/flood-update-as-of-0400am-july-25-2024-601,81,,,,excluded_wet_snapshot_alone_has_no_outcome
wet,OBS-08083b49f25dc0a4,Ugong,Eagle St. Cor C5 Rd - Brgy. Ugong,2024-07-24T15:00:00+08:00,,,,False,docs/evaluations/pasig-duration-followup-20261005/pasig_wet_observations.csv,docs/evaluations/flood-duration-pilot-20261004/sources/PASIG-20240725-0400.b6d9289c2c3d.txt,https://pasigcity.gov.ph/news-and-releases/flood-update-as-of-0400am-july-25-2024-601,95,,,,excluded_wet_snapshot_alone_has_no_outcome
wet,OBS-3293624852e0dc9b,Ugong,Eagle st cor C5 rd. Brgy.Ugong,2024-07-24T14:00:00+08:00,,,,False,docs/evaluations/pasig-duration-followup-20261005/pasig_wet_observations.csv,docs/evaluations/flood-duration-pilot-20261004/sources/PASIG-20240725-0400.b6d9289c2c3d.txt,https://pasigcity.gov.ph/news-and-releases/flood-update-as-of-0400am-july-25-2024-601,109,,,,excluded_wet_snapshot_alone_has_no_outcome
wet,OBS-bef06f541890279d,Ugong,"C. Santos 1-4, Brgy. Ugong",2025-07-21T19:00:00+08:00,,,,False,docs/evaluations/pasig-duration-followup-20261005/pasig_wet_observations.csv,docs/evaluations/flood-duration-pilot-20261004/sources/PASIG-20250721-1900.af19914833ce.txt,https://pasigcity.gov.ph/news-and-releases/flood-update-as-of-0700pm-21-july-2025-923,53,,,,excluded_wet_snapshot_alone_has_no_outcome
wet,OBS-71ca11be0cccaef7,Ugong,"C. Santos 1-4, Brgy. Ugong",2025-07-21T22:00:00+08:00,,,,False,docs/evaluations/pasig-duration-followup-20261005/pasig_wet_observations.csv,docs/evaluations/flood-duration-pilot-20261004/sources/PASIG-20250721-2200.1de8fa5a4265.txt,https://pasigcity.gov.ph/news-and-releases/flood-update-as-of-1000pm-july-21-2025-698,51,,,,excluded_wet_snapshot_alone_has_no_outcome
wet,OBS-b042a6b13c5ec73b,Ugong,"C. Santos 1-4, Brgy. Ugong",2025-07-21T23:45:00+08:00,,,,False,docs/evaluations/pasig-duration-followup-20261005/pasig_wet_observations.csv,docs/evaluations/flood-duration-pilot-20261004/sources/PASIG-20250721-2345.653ede578161.txt,https://pasigcity.gov.ph/news-and-releases/flood-update-as-of-1145pm-july-21-2025-947,49,,,,excluded_wet_snapshot_alone_has_no_outcome
overlay_wet,OBS-bd7993809d2290de,Ugong,"• Eagles St. cor E. Rodriguez Ave., Brgy. Ugong",2024-10-24T23:30:00+08:00,,,,False,docs/evaluations/pasig-clearance-followup-20261007/observations.csv,docs/evaluations/pasig-clearance-followup-20261007/official/sources/PASIG-20241024-2330.d6b4473bfbdc.txt,https://pasigcity.gov.ph/news-and-releases/flood-update-severe-tropical-storm-kristine-october-24-2024-912,4;5;15,,,,Annual location/depth context; no observation or outcome clock.
overlay_wet,OBS-9eb86f835d2fe51e,Ugong,"• Eagles St. cor E. Rodriguez Ave., Brgy. Ugong",2024-10-24T21:15:00+08:00,,,,False,docs/evaluations/pasig-clearance-followup-20261007/observations.csv,docs/evaluations/pasig-clearance-followup-20261007/official/sources/PASIG-20241024-2330.d6b4473bfbdc.txt,https://pasigcity.gov.ph/news-and-releases/flood-update-severe-tropical-storm-kristine-october-24-2024-912,22;23;29,,,,Annual location/depth context; no observation or outcome clock.
overlay_wet,OBS-8d475134ca9020c2,Ugong,"• Eagles St. cor E. Rodriguez Ave., Brgy. Ugong",2024-10-25T01:00:00+08:00,,,,False,docs/evaluations/pasig-clearance-followup-20261007/observations.csv,docs/evaluations/pasig-clearance-followup-20261007/official/sources/PASIG-20241025-0230.cfcb88b46186.txt,https://pasigcity.gov.ph/news-and-releases/flood-update-severe-tropical-storm-kristine-october-25-2024-540,10;11;19,,,,Annual location/depth context; no observation or outcome clock.
passability,PAIR-d2aa20629c83a38f,Ugong,"• Eagles St. cor E. Rodriguez Ave., Brgy. Ugong",2024-10-25T01:00:00+08:00,,2024-10-25T02:30:00+08:00,,False,docs/evaluations/pasig-clearance-followup-20261007/passability_followup_pairs.csv,docs/evaluations/pasig-clearance-followup-20261007/official/sources/PASIG-20241025-0230.cfcb88b46186.txt,https://pasigcity.gov.ph/news-and-releases/flood-update-severe-tropical-storm-kristine-october-25-2024-540,10;11;19,OBS-9d91ae7f3868be36,docs/evaluations/pasig-clearance-followup-20261007/official/sources/PASIG-20241025-0230.cfcb88b46186.txt,https://pasigcity.gov.ph/news-and-releases/flood-update-severe-tropical-storm-kristine-october-25-2024-540,different target: reported light-vehicle passability does not establish subsidence; source availability/continuity unverified
