"candidate_id","episode_group","city","barangay","location_raw","first_observed_wet_at","last_observed_wet_at","reported_clearance_upper_at","clearance_upper_inclusive","remaining_hours_low","remaining_low_inclusive","remaining_hours_high","observed_span_hours","onset_at","total_duration_hours","last_wet_observation_id","clearance_observation_id","clear_source_id","support_observation_ids","review_rule_id","review_status","clearance_scope","limitations"
"INC-35abb5e4b13cc5b9","PASIG-2026-AUG10-11","Pasig","Maybunga","Block 1 Alley 8, Westbank Road Floodway","2026-08-10T00:30:00+08:00","2026-08-11T05:30:00+08:00","2026-08-11T09:50:00+08:00","True","0","False","4.333333","29.0","","","OBS-c1d927e56acb60ef","OBS-c33d857e974b018d","PASIG-20260811-0950","OBS-3889296f03254877;OBS-c1d927e56acb60ef","MAYBUNGA-20260811","candidate_summary_link_not_training_admitted","Maybunga summary explicitly names subsided flooding; linkage to preceding listed blocks is candidate inference","unknown_onset;summary_clearance;continuity_assumed_between_observations;locations_share_storm_and_clearance"
"INC-9ba660ad0dce21f8","PASIG-2026-AUG10-11","Pasig","Maybunga","Block 2 Alley 8, Westbank Road Floodway","2026-08-10T00:30:00+08:00","2026-08-11T05:30:00+08:00","2026-08-11T09:50:00+08:00","True","0","False","4.333333","29.0","","","OBS-ade97f6169b3fedf","OBS-c33d857e974b018d","PASIG-20260811-0950","OBS-ed98d22d5c02f05d;OBS-ade97f6169b3fedf","MAYBUNGA-20260811","candidate_summary_link_not_training_admitted","Maybunga summary explicitly names subsided flooding; linkage to preceding listed blocks is candidate inference","unknown_onset;summary_clearance;continuity_assumed_between_observations;locations_share_storm_and_clearance"
"INC-f882daedcc8c11b7","PASIG-2026-AUG10-11","Pasig","Maybunga","Block 3 Alley 8, Westbank Road Floodway","2026-08-10T00:30:00+08:00","2026-08-11T05:30:00+08:00","2026-08-11T09:50:00+08:00","True","0","False","4.333333","29.0","","","OBS-907875bacbcb20a7","OBS-c33d857e974b018d","PASIG-20260811-0950","OBS-39434bb503e71dc8;OBS-907875bacbcb20a7","MAYBUNGA-20260811","candidate_summary_link_not_training_admitted","Maybunga summary explicitly names subsided flooding; linkage to preceding listed blocks is candidate inference","unknown_onset;summary_clearance;continuity_assumed_between_observations;locations_share_storm_and_clearance"
"INC-661cac47841ad723","PASIG-2026-AUG10-11","Pasig","Maybunga","Block 4 Alley 8, Westbank Road Floodway","2026-08-10T00:30:00+08:00","2026-08-11T05:30:00+08:00","2026-08-11T09:50:00+08:00","True","0","False","4.333333","29.0","","","OBS-1d40068f99d1d9fb","OBS-c33d857e974b018d","PASIG-20260811-0950","OBS-97cb45f1b7557e1a;OBS-1d40068f99d1d9fb","MAYBUNGA-20260811","candidate_summary_link_not_training_admitted","Maybunga summary explicitly names subsided flooding; linkage to preceding listed blocks is candidate inference","unknown_onset;summary_clearance;continuity_assumed_between_observations;locations_share_storm_and_clearance"
"INC-f1f10563ab38aee7","PASIG-2026-AUG10-11","Pasig","Maybunga","Block 5 Alley 8, Westbank Road Floodway","2026-08-10T00:30:00+08:00","2026-08-11T05:30:00+08:00","2026-08-11T09:50:00+08:00","True","0","False","4.333333","29.0","","","OBS-25a3818052372e45","OBS-c33d857e974b018d","PASIG-20260811-0950","OBS-89bf4798fa270f3f;OBS-25a3818052372e45","MAYBUNGA-20260811","candidate_summary_link_not_training_admitted","Maybunga summary explicitly names subsided flooding; linkage to preceding listed blocks is candidate inference","unknown_onset;summary_clearance;continuity_assumed_between_observations;locations_share_storm_and_clearance"
"INC-76baf9638ad8b299","PASIG-2026-AUG10-11","Pasig","Maybunga","Block 6 Alley 8, Westbank Road Floodway","2026-08-10T00:30:00+08:00","2026-08-11T05:30:00+08:00","2026-08-11T09:50:00+08:00","True","0","False","4.333333","29.0","","","OBS-e637689fb8869981","OBS-c33d857e974b018d","PASIG-20260811-0950","OBS-f41886e126a96c2a;OBS-e637689fb8869981","MAYBUNGA-20260811","candidate_summary_link_not_training_admitted","Maybunga summary explicitly names subsided flooding; linkage to preceding listed blocks is candidate inference","unknown_onset;summary_clearance;continuity_assumed_between_observations;locations_share_storm_and_clearance"
"INC-4bf5cd257f6ebdab","PASIG-2026-AUG10-11","Pasig","Maybunga","Block 7 Alley 8, Westbank Road Floodway","2026-08-10T00:30:00+08:00","2026-08-11T05:30:00+08:00","2026-08-11T09:50:00+08:00","True","0","False","4.333333","29.0","","","OBS-3fc2f781610b5d37","OBS-c33d857e974b018d","PASIG-20260811-0950","OBS-19425ffb8137a78e;OBS-3fc2f781610b5d37","MAYBUNGA-20260811","candidate_summary_link_not_training_admitted","Maybunga summary explicitly names subsided flooding; linkage to preceding listed blocks is candidate inference","unknown_onset;summary_clearance;continuity_assumed_between_observations;locations_share_storm_and_clearance"
"INC-2a34388f79b098d6","PASIG-2026-AUG10-11","Pasig","Maybunga","Block 8 Alley 8, Westbank Road Floodway","2026-08-10T00:30:00+08:00","2026-08-11T05:30:00+08:00","2026-08-11T09:50:00+08:00","True","0","False","4.333333","29.0","","","OBS-9b27784b739e6111","OBS-c33d857e974b018d","PASIG-20260811-0950","OBS-5700995d9986365f;OBS-9b27784b739e6111","MAYBUNGA-20260811","candidate_summary_link_not_training_admitted","Maybunga summary explicitly names subsided flooding; linkage to preceding listed blocks is candidate inference","unknown_onset;summary_clearance;continuity_assumed_between_observations;locations_share_storm_and_clearance"
"INC-91d7a4b2ac3ef6be","PASIG-2026-AUG17-18","Pasig","Dela Paz","Katipiran C Yap Compound","2026-08-18T00:30:00+08:00","2026-08-18T12:00:00+08:00","2026-08-18T14:00:00+08:00","False","0","False","2.0","11.5","","","OBS-2b0bfb8da09a2f5a","OBS-7d1d5441f76ee802","PASIG-20260818-2300","OBS-0c7c4c55f74c9e02;OBS-095fb0ef8ba88921;OBS-2b0bfb8da09a2f5a","DELAPAZ-20260818","candidate_summary_link_not_training_admitted","Dela Paz flooding reported subsided before 14:00; link to noon Katipiran C Yap Compound candidate, not 23:00 clearance","unknown_onset;summary_clearance;continuity_assumed_between_observations;locations_share_storm_and_clearance"
"INC-ea0b17dc6abd3ef4","PASIG-2026-AUG29-30","Pasig","Dela Paz","Kabutihan St.","2026-08-29T20:30:00+08:00","2026-08-30T05:00:00+08:00","2026-08-30T11:00:00+08:00","True","0","False","6.0","8.5","","","OBS-0db2f25490e76200","OBS-aed0c046a22c54b0","PASIG-20260830-1100","OBS-e7867df23e58f800;OBS-eeda5b4991aa2de9;OBS-0db2f25490e76200","BARANGAY-DELAPAZ-20260830","candidate_summary_link_not_training_admitted","City report summary states recorded flooding subsided according to barangays; each preceding listed location is only a candidate linkage","unknown_onset;summary_clearance;continuity_assumed_between_observations;locations_share_storm_and_clearance"
"INC-c6f004e00efab6ab","PASIG-2026-AUG29-30","Pasig","Dela Paz","Santiago Katipiran cor. Yap Compound","2026-08-29T20:30:00+08:00","2026-08-30T05:00:00+08:00","2026-08-30T11:00:00+08:00","True","0","False","6.0","8.5","","","OBS-33c8cdb17b34d810","OBS-aed0c046a22c54b0","PASIG-20260830-1100","OBS-487c6f56317e33a0;OBS-dcc81cf66722c859;OBS-33c8cdb17b34d810","BARANGAY-DELAPAZ-20260830","candidate_summary_link_not_training_admitted","City report summary states recorded flooding subsided according to barangays; each preceding listed location is only a candidate linkage","unknown_onset;summary_clearance;continuity_assumed_between_observations;locations_share_storm_and_clearance"
"INC-a3dde416ca160dbd","PASIG-2026-AUG29-30","Pasig","Dela Paz","Katipiran cor. K118 Dela Paz","2026-08-29T20:30:00+08:00","2026-08-30T05:00:00+08:00","2026-08-30T11:00:00+08:00","True","0","False","6.0","8.5","","","OBS-bf0d8a5ea2240ae8","OBS-aed0c046a22c54b0","PASIG-20260830-1100","OBS-a2c71aed901c649b;OBS-8b91f03bbc3428bd;OBS-bf0d8a5ea2240ae8","BARANGAY-DELAPAZ-20260830","candidate_summary_link_not_training_admitted","City report summary states recorded flooding subsided according to barangays; each preceding listed location is only a candidate linkage","unknown_onset;summary_clearance;continuity_assumed_between_observations;locations_share_storm_and_clearance"
"INC-25f397f2a2ad61de","PASIG-2026-AUG29-30","Pasig","Dela Paz","Kalakasan St.","2026-08-30T05:00:00+08:00","2026-08-30T05:00:00+08:00","2026-08-30T11:00:00+08:00","True","0","False","6.0","0.0","","","OBS-bf3bea39927f5cfb","OBS-aed0c046a22c54b0","PASIG-20260830-1100","OBS-bf3bea39927f5cfb","BARANGAY-DELAPAZ-20260830","candidate_summary_link_not_training_admitted","City report summary states recorded flooding subsided according to barangays; each preceding listed location is only a candidate linkage","unknown_onset;summary_clearance;continuity_assumed_between_observations;locations_share_storm_and_clearance"
"INC-da25aa924cb03505","PASIG-2026-AUG29-30","Pasig","Dela Paz","Kalusugan St.","2026-08-30T05:00:00+08:00","2026-08-30T05:00:00+08:00","2026-08-30T11:00:00+08:00","True","0","False","6.0","0.0","","","OBS-971b5b35579531cd","OBS-aed0c046a22c54b0","PASIG-20260830-1100","OBS-971b5b35579531cd","BARANGAY-DELAPAZ-20260830","candidate_summary_link_not_training_admitted","City report summary states recorded flooding subsided according to barangays; each preceding listed location is only a candidate linkage","unknown_onset;summary_clearance;continuity_assumed_between_observations;locations_share_storm_and_clearance"
"INC-bb76aa1598b6b776","PASIG-2026-AUG29-30","Pasig","Santolan","Doroteo St. Court","2026-08-29T22:30:00+08:00","2026-08-30T05:00:00+08:00","2026-08-30T11:00:00+08:00","True","0","False","6.0","6.5","","","OBS-74c8fb587cf00f7f","OBS-aed0c046a22c54b0","PASIG-20260830-1100","OBS-47ef1b36c72b9bdf;OBS-74c8fb587cf00f7f","BARANGAY-SANTOLAN-20260830","candidate_summary_link_not_training_admitted","City report summary states recorded flooding subsided according to barangays; each preceding listed location is only a candidate linkage","unknown_onset;summary_clearance;continuity_assumed_between_observations;locations_share_storm_and_clearance"
"INC-87ac61acbb60b99d","PASIG-2026-AUG29-30","Pasig","Santolan","Doroteo St. Villa","2026-08-29T22:30:00+08:00","2026-08-30T05:00:00+08:00","2026-08-30T11:00:00+08:00","True","0","False","6.0","6.5","","","OBS-713569c75a4211c5","OBS-aed0c046a22c54b0","PASIG-20260830-1100","OBS-8f33ab3ffdc0200e;OBS-713569c75a4211c5","BARANGAY-SANTOLAN-20260830","candidate_summary_link_not_training_admitted","City report summary states recorded flooding subsided according to barangays; each preceding listed location is only a candidate linkage","unknown_onset;summary_clearance;continuity_assumed_between_observations;locations_share_storm_and_clearance"
"INC-a5663456c0ee4d68","PASIG-2026-AUG29-30","Pasig","Santolan","Doroteo St. Ext.","2026-08-29T22:30:00+08:00","2026-08-30T05:00:00+08:00","2026-08-30T11:00:00+08:00","True","0","False","6.0","6.5","","","OBS-f6990330739aabcc","OBS-aed0c046a22c54b0","PASIG-20260830-1100","OBS-76a2ac6b67b1e88a;OBS-f6990330739aabcc","BARANGAY-SANTOLAN-20260830","candidate_summary_link_not_training_admitted","City report summary states recorded flooding subsided according to barangays; each preceding listed location is only a candidate linkage","unknown_onset;summary_clearance;continuity_assumed_between_observations;locations_share_storm_and_clearance"
"INC-b4f2a57eb8b42541","PASIG-2026-AUG29-30","Pasig","Santolan","Sgt.De Leon Mayana St.","2026-08-29T20:30:00+08:00","2026-08-30T05:00:00+08:00","2026-08-30T11:00:00+08:00","True","0","False","6.0","8.5","","","OBS-52f3c3e29ee61565","OBS-aed0c046a22c54b0","PASIG-20260830-1100","OBS-b9c5bb37940c401b;OBS-9abb5505d1172e79;OBS-52f3c3e29ee61565","BARANGAY-SANTOLAN-20260830","candidate_summary_link_not_training_admitted","City report summary states recorded flooding subsided according to barangays; each preceding listed location is only a candidate linkage","unknown_onset;summary_clearance;continuity_assumed_between_observations;locations_share_storm_and_clearance"
"INC-b721796bf2989553","PASIG-2026-AUG29-30","Pasig","Santolan","Masikap St.","2026-08-29T20:30:00+08:00","2026-08-30T05:00:00+08:00","2026-08-30T11:00:00+08:00","True","0","False","6.0","8.5","","","OBS-04ee59ef9abfbaed","OBS-aed0c046a22c54b0","PASIG-20260830-1100","OBS-faf0f9e6b551e28f;OBS-281a4396519aa6eb;OBS-04ee59ef9abfbaed","BARANGAY-SANTOLAN-20260830","candidate_summary_link_not_training_admitted","City report summary states recorded flooding subsided according to barangays; each preceding listed location is only a candidate linkage","unknown_onset;summary_clearance;continuity_assumed_between_observations;locations_share_storm_and_clearance"
"INC-2395500d7b0d8dcf","PASIG-2026-AUG29-30","Pasig","Santolan","Rafael Rd 3","2026-08-29T20:30:00+08:00","2026-08-30T05:00:00+08:00","2026-08-30T11:00:00+08:00","True","0","False","6.0","8.5","","","OBS-299ee63370b2fbfd","OBS-aed0c046a22c54b0","PASIG-20260830-1100","OBS-c93a6383b8b89b21;OBS-7ff6462419b95ce9;OBS-299ee63370b2fbfd","BARANGAY-SANTOLAN-20260830","candidate_summary_link_not_training_admitted","City report summary states recorded flooding subsided according to barangays; each preceding listed location is only a candidate linkage","unknown_onset;summary_clearance;continuity_assumed_between_observations;locations_share_storm_and_clearance"
"INC-dc0e0a5fa3c71e94","PASIG-2026-AUG29-30","Pasig","Santolan","Marcelino St.","2026-08-29T20:30:00+08:00","2026-08-30T05:00:00+08:00","2026-08-30T11:00:00+08:00","True","0","False","6.0","8.5","","","OBS-c2ccfe7b0c65c55d","OBS-aed0c046a22c54b0","PASIG-20260830-1100","OBS-e51fce6360b9b3be;OBS-99a5dd7b286ccad1;OBS-c2ccfe7b0c65c55d","BARANGAY-SANTOLAN-20260830","candidate_summary_link_not_training_admitted","City report summary states recorded flooding subsided according to barangays; each preceding listed location is only a candidate linkage","unknown_onset;summary_clearance;continuity_assumed_between_observations;locations_share_storm_and_clearance"
"INC-86e1075032a32781","PASIG-2026-AUG29-30","Pasig","Santolan","A. Victorino St.","2026-08-29T20:30:00+08:00","2026-08-30T05:00:00+08:00","2026-08-30T11:00:00+08:00","True","0","False","6.0","8.5","","","OBS-2a550348b4987cf0","OBS-aed0c046a22c54b0","PASIG-20260830-1100","OBS-0b788fda06cf64fe;OBS-8ec75adef1d1c0bb;OBS-2a550348b4987cf0","BARANGAY-SANTOLAN-20260830","candidate_summary_link_not_training_admitted","City report summary states recorded flooding subsided according to barangays; each preceding listed location is only a candidate linkage","unknown_onset;summary_clearance;continuity_assumed_between_observations;locations_share_storm_and_clearance"
"INC-295625e57bd95417","PASIG-2026-AUG29-30","Pasig","Santolan","Gabriel Ext.","2026-08-29T22:30:00+08:00","2026-08-30T05:00:00+08:00","2026-08-30T11:00:00+08:00","True","0","False","6.0","6.5","","","OBS-bc1de76ca9a186c4","OBS-aed0c046a22c54b0","PASIG-20260830-1100","OBS-1b7230788bc3a39c;OBS-bc1de76ca9a186c4","BARANGAY-SANTOLAN-20260830","candidate_summary_link_not_training_admitted","City report summary states recorded flooding subsided according to barangays; each preceding listed location is only a candidate linkage","unknown_onset;summary_clearance;continuity_assumed_between_observations;locations_share_storm_and_clearance"
"INC-e7d366b36c0fb720","PASIG-2026-AUG29-30","Pasig","Santolan","Sgt. De Leon Natasha St.","2026-08-29T20:30:00+08:00","2026-08-30T05:00:00+08:00","2026-08-30T11:00:00+08:00","True","0","False","6.0","8.5","","","OBS-f1530ea1b5f35efe","OBS-aed0c046a22c54b0","PASIG-20260830-1100","OBS-b0807d99fa79ac61;OBS-f1530ea1b5f35efe","BARANGAY-SANTOLAN-20260830","candidate_summary_link_not_training_admitted","City report summary states recorded flooding subsided according to barangays; each preceding listed location is only a candidate linkage","unknown_onset;summary_clearance;continuity_assumed_between_observations;locations_share_storm_and_clearance"
"INC-005dbe3d7a2d58f8","PASIG-2026-AUG29-30","Pasig","Santolan","Sgt. De Leon Camia St.","2026-08-29T20:30:00+08:00","2026-08-30T05:00:00+08:00","2026-08-30T11:00:00+08:00","True","0","False","6.0","8.5","","","OBS-7e2ffae9d0234d9d","OBS-aed0c046a22c54b0","PASIG-20260830-1100","OBS-7bee19ee2fd13e39;OBS-7e2ffae9d0234d9d","BARANGAY-SANTOLAN-20260830","candidate_summary_link_not_training_admitted","City report summary states recorded flooding subsided according to barangays; each preceding listed location is only a candidate linkage","unknown_onset;summary_clearance;continuity_assumed_between_observations;locations_share_storm_and_clearance"
"INC-fd3d2e2025befa46","PASIG-2026-AUG29-30","Pasig","Sta. Lucia","Bagong Anyo St.","2026-08-29T20:30:00+08:00","2026-08-30T05:00:00+08:00","2026-08-30T11:00:00+08:00","True","0","False","6.0","8.5","","","OBS-b399b041f65b7c2f","OBS-aed0c046a22c54b0","PASIG-20260830-1100","OBS-38b5c5c0de3a6aac;OBS-7b9b82f57fbe005f;OBS-b399b041f65b7c2f","BARANGAY-STALUCIA-20260830","candidate_summary_link_not_training_admitted","City report summary states recorded flooding subsided according to barangays; each preceding listed location is only a candidate linkage","unknown_onset;summary_clearance;continuity_assumed_between_observations;locations_share_storm_and_clearance"
"INC-6c347db5bc76f8fc","PASIG-2026-AUG29-30","Pasig","Sta. Lucia","Kaunluran St.","2026-08-29T20:30:00+08:00","2026-08-30T05:00:00+08:00","2026-08-30T11:00:00+08:00","True","0","False","6.0","8.5","","","OBS-09bd97ef469b2987","OBS-aed0c046a22c54b0","PASIG-20260830-1100","OBS-588c15ae51856611;OBS-bf37b8c390eabd7a;OBS-09bd97ef469b2987","BARANGAY-STALUCIA-20260830","candidate_summary_link_not_training_admitted","City report summary states recorded flooding subsided according to barangays; each preceding listed location is only a candidate linkage","unknown_onset;summary_clearance;continuity_assumed_between_observations;locations_share_storm_and_clearance"
"INC-f009390a130af3b9","PASIG-2026-AUG29-30","Pasig","Sta. Lucia","Bautista Comp.","2026-08-29T20:30:00+08:00","2026-08-30T05:00:00+08:00","2026-08-30T11:00:00+08:00","True","0","False","6.0","8.5","","","OBS-74603d8def2d5f7b","OBS-aed0c046a22c54b0","PASIG-20260830-1100","OBS-81fe55f5c0c26563;OBS-b08aff59a14b2921;OBS-74603d8def2d5f7b","BARANGAY-STALUCIA-20260830","candidate_summary_link_not_training_admitted","City report summary states recorded flooding subsided according to barangays; each preceding listed location is only a candidate linkage","unknown_onset;summary_clearance;continuity_assumed_between_observations;locations_share_storm_and_clearance"
"INC-9844de12e0995842","PASIG-2026-AUG29-30","Pasig","Sta. Lucia","Tawi-tawi St.","2026-08-29T20:30:00+08:00","2026-08-30T05:00:00+08:00","2026-08-30T11:00:00+08:00","True","0","False","6.0","8.5","","","OBS-72e049aa936c7bed","OBS-aed0c046a22c54b0","PASIG-20260830-1100","OBS-db4c806da0405db1;OBS-7226996ce7a4460f;OBS-72e049aa936c7bed","BARANGAY-STALUCIA-20260830","candidate_summary_link_not_training_admitted","City report summary states recorded flooding subsided according to barangays; each preceding listed location is only a candidate linkage","unknown_onset;summary_clearance;continuity_assumed_between_observations;locations_share_storm_and_clearance"
"INC-6630dd9772b374e2","PASIG-2026-AUG29-30","Pasig","Sta. Lucia","Morales Compound","2026-08-29T20:30:00+08:00","2026-08-30T05:00:00+08:00","2026-08-30T11:00:00+08:00","True","0","False","6.0","8.5","","","OBS-12d9c893225eb299","OBS-aed0c046a22c54b0","PASIG-20260830-1100","OBS-6184e265fea16fdb;OBS-cec95dbf8aaff41e;OBS-12d9c893225eb299","BARANGAY-STALUCIA-20260830","candidate_summary_link_not_training_admitted","City report summary states recorded flooding subsided according to barangays; each preceding listed location is only a candidate linkage","unknown_onset;summary_clearance;continuity_assumed_between_observations;locations_share_storm_and_clearance"
"INC-d4fdb60969af9890","PASIG-2026-AUG29-30","Pasig","Sta. Lucia","Liamzon Subd.","2026-08-29T20:30:00+08:00","2026-08-30T05:00:00+08:00","2026-08-30T11:00:00+08:00","True","0","False","6.0","8.5","","","OBS-3e6130d586655cc7","OBS-aed0c046a22c54b0","PASIG-20260830-1100","OBS-57ed94777a9c8537;OBS-68e1436994348314;OBS-3e6130d586655cc7","BARANGAY-STALUCIA-20260830","candidate_summary_link_not_training_admitted","City report summary states recorded flooding subsided according to barangays; each preceding listed location is only a candidate linkage","unknown_onset;summary_clearance;continuity_assumed_between_observations;locations_share_storm_and_clearance"
"INC-88e154fb6acf748f","PASIG-2026-AUG29-30","Pasig","Sta. Lucia","Asuzena St.","2026-08-29T20:30:00+08:00","2026-08-30T05:00:00+08:00","2026-08-30T11:00:00+08:00","True","0","False","6.0","8.5","","","OBS-72b9688b1eb350a9","OBS-aed0c046a22c54b0","PASIG-20260830-1100","OBS-67a2b83b5151e7a8;OBS-bb1a46030041de99;OBS-72b9688b1eb350a9","BARANGAY-STALUCIA-20260830","candidate_summary_link_not_training_admitted","City report summary states recorded flooding subsided according to barangays; each preceding listed location is only a candidate linkage","unknown_onset;summary_clearance;continuity_assumed_between_observations;locations_share_storm_and_clearance"
"INC-44805be6b98bf08b","PASIG-2026-AUG29-30","Pasig","Sta. Lucia","New Society St., De Castro","2026-08-29T20:30:00+08:00","2026-08-30T05:00:00+08:00","2026-08-30T11:00:00+08:00","True","0","False","6.0","8.5","","","OBS-7088da65213740d8","OBS-aed0c046a22c54b0","PASIG-20260830-1100","OBS-1ddfe265a7abcc0d;OBS-9c1dfe4137d9603d;OBS-7088da65213740d8","BARANGAY-STALUCIA-20260830","candidate_summary_link_not_training_admitted","City report summary states recorded flooding subsided according to barangays; each preceding listed location is only a candidate linkage","unknown_onset;summary_clearance;continuity_assumed_between_observations;locations_share_storm_and_clearance"
"INC-eca347e799922e6d","PASIG-2026-AUG29-30","Pasig","Sta. Lucia","Metropolis 1","2026-08-29T20:30:00+08:00","2026-08-30T05:00:00+08:00","2026-08-30T11:00:00+08:00","True","0","False","6.0","8.5","","","OBS-cdb29e5b51b3188d","OBS-aed0c046a22c54b0","PASIG-20260830-1100","OBS-796b1c56217cdbc1;OBS-76208a5c4784abab;OBS-cdb29e5b51b3188d","BARANGAY-STALUCIA-20260830","candidate_summary_link_not_training_admitted","City report summary states recorded flooding subsided according to barangays; each preceding listed location is only a candidate linkage","unknown_onset;summary_clearance;continuity_assumed_between_observations;locations_share_storm_and_clearance"
"INC-2cebbda52ea120b2","PASIG-2026-AUG29-30","Pasig","Sta. Lucia","Rosario 5 & 6 Masagana Ext.","2026-08-29T20:30:00+08:00","2026-08-30T05:00:00+08:00","2026-08-30T11:00:00+08:00","True","0","False","6.0","8.5","","","OBS-7d8ac0bb869c59bb","OBS-aed0c046a22c54b0","PASIG-20260830-1100","OBS-be9b1aa427654a5d;OBS-a692ba35f9008692;OBS-7d8ac0bb869c59bb","BARANGAY-STALUCIA-20260830","candidate_summary_link_not_training_admitted","City report summary states recorded flooding subsided according to barangays; each preceding listed location is only a candidate linkage","unknown_onset;summary_clearance;continuity_assumed_between_observations;locations_share_storm_and_clearance"
"INC-2426ac9069657ba3","PASIG-2026-AUG29-30","Pasig","Sta. Lucia","Maharlikha St.","2026-08-29T20:30:00+08:00","2026-08-30T05:00:00+08:00","2026-08-30T11:00:00+08:00","True","0","False","6.0","8.5","","","OBS-4ce9969fc0763a85","OBS-aed0c046a22c54b0","PASIG-20260830-1100","OBS-c98cb99ba55d1b16;OBS-cfa86e82c6e3bbaa;OBS-4ce9969fc0763a85","BARANGAY-STALUCIA-20260830","candidate_summary_link_not_training_admitted","City report summary states recorded flooding subsided according to barangays; each preceding listed location is only a candidate linkage","unknown_onset;summary_clearance;continuity_assumed_between_observations;locations_share_storm_and_clearance"
"INC-6ef77703ff086416","PASIG-2026-AUG29-30","Pasig","Sta. Lucia","Mayumi St.","2026-08-29T20:30:00+08:00","2026-08-30T05:00:00+08:00","2026-08-30T11:00:00+08:00","True","0","False","6.0","8.5","","","OBS-16f58b9b466d6695","OBS-aed0c046a22c54b0","PASIG-20260830-1100","OBS-8a0586bf0f128304;OBS-0c3ba0b31a807bcd;OBS-16f58b9b466d6695","BARANGAY-STALUCIA-20260830","candidate_summary_link_not_training_admitted","City report summary states recorded flooding subsided according to barangays; each preceding listed location is only a candidate linkage","unknown_onset;summary_clearance;continuity_assumed_between_observations;locations_share_storm_and_clearance"
