Flooded Areas within Pasig City 2020,,,,
No.,Barangay,Street,Landmark,Water Level (Estimated)
1,Manggahan,Magsaysay St.,Teachers Village,3-4 inches
2,Manggahan,MRR,Soliven Ave.,2-3 inches
3,Manggahan,Ortigas Ave.,Soliven Ave.,3-4 inches
4,Sta. Lucia,1st St.,DMA Comp.,12 inches
5,Kapitolyo,"West Capitol
Drive/Shaw","infront of Petron
and Mercury Drug",6-10 inches
6,San Miguel,"Lupang Pari
Eusebio Ave.",,12 inches
7,Manggahan,M.L. Quezon St.,,2-3 inches
8,Rosario,Ortigas Ext.,infront of GSIS,2-3 inches
9,Sta. Lucia,Champaca St.,,2-3 inches
10,Maybunga,F. Legaspi St.,,2-3 inches
11,Malinao,"Urbano Velasco
Ave.",Pasig Mega Market,3 inches
12,Manggahan,Pres. Quezon St.,corner Peras St.,5 inches
13,Manggahan,Soliven Ave.,corner PGPV St.,12 inches
14,Pinagbuhatan,Eusebio Ave.,Block 19,3-4 inches
15,Pinagbuhatan,Caliwag,,12 inches
16,Sta. Lucia,Bagong Anyo,Morales comp,4 Inches
17,Sumilang,Katwiran,,2 Inches
18,Sumilang,Magtangol,,2 Inches
19,Sumilang,Dakila,,2 Inches
20,Sumilang,Kalayaan,,1 Inches
21,Sumilang,Dos De Julio,,1 Inches
22,San Nicolas,Caruncho Ave.,Corner F. Manalo,5 inches
23,Pinagbuhatan,E. Santos,,5 inches
24,Pinagbuhatan,Centennial 2,,2 Inches
25,Rosario,Ortigas Ext.,,6 Inches
26,San Joaquin,Villa Capistrano,,3 to 5 Inches
27,Pinagbuhatan,Catalino St.,,3 to 4 inches
28,San Miguel,JRA Coumpound,,5 inches
29,Malinao,141 A. Luna St.,,5 inches
30,Santolan,Squarte Garden,,5-6 feet
31,Bambang,Kapitolyo Homes,,5 inches
32,Palatiw,N. Cruz St.,,12 inches
33,Maybunga,C. Raymundo Ave,,1 Feet
34,Rosario,Ortigas Ext.,,12 inches
35,Pinagbuhatan,Villa Alegre,,12 inches
36,Manggahan,Kaginhawaan St,,2 Feet
37,Pineda,Pasig Boulevard St.,,12 inches
38,Manggahan,Teachers Village St,,12 inches
39,Manggahan,Magsaysay St.,,12 inches
40,Manggahan,Kaginhawaan St,,12 inches
41,Manggahan,MOA comp.,,12 inches
42,Manggahan,Karangalan St.,,12 inches
43,Manggahan,Gomez St.,,5 to 6 Inches
44,Pinagbuhatan,Pinalad Road,,
45,Kapasigan,Plaza Bonifacio,,
46,Sumilang,Katwiran,,
47,Sumilang,Dos De Julio,,
,,,,
Flooded Areas within Pasig City 2021,,,,
No.,Barangay,Street,Landmark,Water Level (Estimated)
1,Manggahan,Magsaysay St.,Teachers Village,3-4 inches
2,Manggahan,MRR,Soliven Ave.,2-3 inches
3,Manggahan,Ortigas Ave.,Soliven Ave.,3-4 inches
4,Sta. Lucia,1st St.,DMA Comp.,12 inches
5,Kapitolyo,"West Capitol
Drive/Shaw","infront of Petron
and Mercury Drug",6-10 inches
6,San Miguel,"Lupang Pari
Eusebio Ave.",,12 inches
7,Manggahan,M.L. Quezon St.,,2-3 inches
8,Rosario,Ortigas Ext.,infront of GSIS,2-3 inches
9,Sta. Lucia,Champaca St.,,2-3 inches
10,Maybunga,F. Legaspi St.,,2-3 inches
11,Malinao,"Urbano Velasco
Ave.",Pasig Mega Market,3 inches
12,Manggahan,Pres. Quezon St.,corner Peras St.,5 inches
13,Manggahan,Soliven Ave.,corner PGPV St.,12 inches
14,Pinagbuhatan,Eusebio Ave.,Block 19,3-4 inches
15,Kalawaan,Elisco Road,,6 inches
16,Kalawaan,Sixto Cuevas St.,,6 inches
17,Rosario,Ortigas Ext.,Lifehomes,2-4 inches
18,Bagong Ilog,F. Intalan St.,corner Aurellana St.,2 inches
19,Pineda,Purok 4,Mabanta Compound,6 inches
20,San Miguel,M. Eusebio Ave.,,2 inches
21,Maybunga,Jenny's Ave.,,2-4 inches
22,Bagong Ilog,C5 Road,,2-4 inches
23,Rosario,Ciudad Grande,,4-5 Inches
24,Dela Paz,Daisy St.,,6 inches
25,Palatiw,E. Santos St.,,12 inches
26,Manggahan,Metroville,St. Mary,2-3 inches
27,Sta. Lucia,Riverside,,3 inches
28,Manggahan,St. Joseph,Metroville,2-3 inches
29,San Antonio,Meralco Ave.,"intersection near Red
Cross",6-7 inches
30,San Joaquin,Villa Capistrano,Garden,15 inches
31,San Joaquin,Villa Munsod,,1.5 meters
32,Oranbo,Meralco Ave.,DEPED,2-3 inches
33,San Miguel,Mercedes Ave.,Chinese School,5-6 inches
34,San Joaquin,Elisco Road,Meralco,5 inches
35,Pinagbuhatan,Sandoval Ave.,Palmdale,2-3 inches
36,Pinagbuhatan,Eusebio Road,Blk 19,2-3 inches
37,Manggahan,Imelda Ave.,Metroville,6-8 inches
38,Manggahan,St. Mary St.,Metroville,3-4 inches
39,Malinao,"Urbano Velasco
Ave.","corner San Agustin
Ave.",2 inches
40,Pinagbuhatan,Sandoval Ave.,Villa Cuana,3 inches
41,Pinagbuhatan,Sandoval Ave.,Arrezo,3 inches
42,San Joaquin,Villa Munsod 2,,5 meters
43,Rosario,Paraluman St.,Doña Damiana Subd.,6 inches
44,Pinagbuhatan,"Urbano Velasco
Ave.",Gahit St.,3-5 inches
45,Palatiw,E. Santos St.,,1 foot
46,San Miguel,Market Ave.,CHI,4-5 Inches
47,San Miguel,M. Eusebio Ave.,looban,6-7 inches
48,Pinagbuhatan,M.H. Del Pilar St.,Catleya,3-4 inches
49,San Nicolas,Caruncho Ave.,Lianas,12-15 inches
50,San Joaquin,Villa Capistrano,,6-8 inches
51,Sta. Lucia,Callos Compound,,10-15 inches
52,Manggahan,Imelda Ave.,Mcdo and Jollibee,6-7 inches
53,Manggahan,Buenos Aires,Market,10-15 inches
54,Bagong Ilog,F. Intalan St.,,2-3 inches
55,Santolan,"Amang Rodriguez
Ave.",going to ilaya Rosario,2-3 inches
56,Sta. Lucia,Tawi-Tawi Comp.,,5-6 inches
57,Manggahan,Rome St.,Greenpark Ville,25-30 inches
58,Pinagbuhatan,Ilugin,riverside,8-10 inches
59,Ugong,F. Legaspi St.,,4-6 inches
60,Manggahan,Karangalan Village,,2-3 inches
61,Maybunga,F. Legaspi St.,Parkwood Phase 1,4-5 Inches
62,Rosario,C. Raymundo Ave.,Eastside Manor,4-5 inches
63,Maybunga,Jenny's Ave.,corner F. Legaspi,4-5 Inches
64,Pinagbuhatan,Willa Rey Road 1,,
65,San Joaquin,Villa Concio,,4-5 Inches
66,San Joaquin,San Bernardo,,12 inches
67,Maybunga,F. Legaspi St.,,7-8 inches
68,Dela Paz,Kalusugan St.,covered court,12-15 inches
69,Rosario,St. Joseph,DABA Compound,24 inches
70,Manggahan,Kabutihan St.,,3 feet
71,Manggahan,Karangalan Village,Kayamanan St.,24 inches
72,Dela Paz,F. Mariano St.,"Dela Paz Pumping
Station",12 inches
73,Manggahan,Magsaysay St.,,2-3 inches
74,San Miguel,Mercedes Ave.,Mercedes Village,2 feet
75,Sta. Lucia,11th Ave.,Riverside Village,4 feet
76,Dela Paz,F. Mariano St.,near creek,5-6 inches
77,Pinagbuhatan,A. Esguerra St.,,
78,Sta. Lucia,"Bautista
Compound",,
79,Sta. Rosa,P. Burgos Ext.,Morelos Compound,1-2 inches
80,Palatiw,Caruncho Ave.,Lianas,3-4 inches
81,San Nicolas,Caruncho Ave.,"corner San Agustin
Ave.",2-3 inches
82,Caniogan,C. Raymundo Ave.,C. Dela Paz,6-8 inches
83,San Joaquin,Villa Munsod,,2-3 inches
84,San Joaquin,Elisco Road,Front of Meralco,4-5 Inches
85,San Miguel,Sandoval Ave.,DiviMart,5 inches
86,San Miguel,M. Eusebio Ave.,,
,,,,
Flooded Areas within Pasig City 2022,,,,
No.,Barangay,Street,Landmark,Water Level (Estimated)
1,Sta. Lucia,Bagong Anyo,corner Bautista,5 inches
2,Sta. Lucia,"Liamson
Subdivision",,2-3 inches
3,Sta. Lucia,Champaca St.,,2-3 inches
4,Sta. Lucia,Dahlia St.,,4 inches
5,San Nicolas,Caruncho Ave.,infront of City Hall,3 inches
6,Sto. Tomas,"Concha Lane Purok
5",Dulo,3-4 inches
7,Sta. Lucia,Ortigas Ave.,"infront of Lucky Gold
Plaza",
8,San Nicolas,F. Soriano,"infront of
impounding",
9,Sta. Lucia,Tantanco St.,,3-4 inches
10,Sta. Lucia,Bagong Anyo St.,,3-4 inches
11,Manggahan,Sampaguita St.,,6-8 inches
12,San Miguel,Villa Eusebio,,4-5 inches
13,Sta. Lucia,"Marietta Romeo
Village",,2-3 inches
14,Pinagbuhatan,Kenneth Road,Ginebra St.,4-6 inches
15,Manggahan,Teachers Village,,3-5 inches
16,Pinagbuhatan,Nagpayong,,1 foot
17,Manggahan,Greenpark,,2 feet
18,Rosario,"Doña Juliana
Village",,3-5 inches
19,Sta. Lucia,Azucenia St.,,6-8 inches
20,Rosario,Ciudad Grande,,5-7 inches
21,Pinagbuhatan,"Urbano Velasco
Ave.","corner San Agustin
Ave.",3-4 inches
22,Sta. Lucia,Eireen St.,,5-6 inches
23,Sta. Lucia,Champaca St.,,2-3 inches
24,Sta. Lucia,Countryside Ave.,1st St.,3-4 inches
25,Rosario,Dabba Compound,,2-3 inches
26,San Miguel,"Arboleda
Compound",,10-12 inches
27,Dela Paz,Karangalan,Sto. Niño Elem,2 feet
28,Manggahan,St. Mary St.,,2-3 inches
29,Manggahan,St. Joseph St.,,3-4 inches
30,San Jose,Plaza Rizal,,3-4 inches
31,Sto. Tomas,Concha Lane,,2 inches
32,Pinagbuhatan,Sandoval Ave.,,2-4 inches
33,Manggahan,Pasig Greenpark,,2-3 feet
34,Manggahan,Pres. Quezon St.,Peras St.,2-3 inches
35,Manggahan,Teachers Village,,1-2 inches
36,Manggahan,Pasig Greenpark,Darwin St.,2 inches
37,Dela Paz,Marcos Highway,,12 inches
38,Manggahan,Karikitan St.,,2-3 inches
39,Manggahan,Mansanas St.,,3-5 inches
40,Manggahan,Labanos Ext.,,3-5 inches
41,Dela Paz,"Emerald Valle
Homes",,12 inches
42,Manggahan,Pipino St.,,3-5 inches
43,Manggahan,Lansones Ext.,,3-5 inches
44,Manggahan,Teachers Village,,3-5 inches
45,Manggahan,Metroville,,3-5 inches
46,San Nicolas,Caruncho Ave.,"corner Urbano
Velasco Ave.",2-3 inches
47,Manggahan,"Pres. Quezon St.
Napico",,3-4 inches
48,Pinagbuhatan,"along Sandoval
Ave.",,3-4 inches
49,San Nicolas,Caruncho Ave.,infront of City Hall,3-6 inches
50,San Nicolas,Caruncho Ave.,Mega Parking 1,5 inches
51,Pinagbuhatan,Nagpayong,Camachile St.,leg deep
52,Pinagbuhatan,Sandoval Ave.,corner N. Cruz,2 inches
53,Pinagbuhatan,Capistrano St.,,2 inches
54,Pinagbuhatan,Sandoval Ave.,SRS,
55,Manggahan,Pres. Quezon St.,,2-3 inches
56,San Miguel,Market Ave.,,2 inches
57,Malinao,F. Antonio St.,,5 inches
58,Pala,F. Soriano,,2-3 inches
59,Bagong Ilog,F. Intalan St.,,2 inches
60,Pinagbuhatan,"along Sandoval
Ave.",,2-5 inches
61,Kalawaan,Mangga St.,,7-10 inches
62,San Nicolas,Caruncho Ave.,infront of City Hall,3-5 inches
63,Kapitolyo,Shaw Blvd.,,3-5 inches
64,Sagad,"along C. Raymundo
Ave.",up to Maybunga,8 inches
65,Sto. Tomas,V. Baltazar St.,,3-5 inches
66,Palatiw,E. Santos St.,Balsangcat,12 inches
67,Manggahan,Peras St.,"corner Pres. Quezon
St.",3-4 inches
68,Pinagbuhatan,Kenneth Road,Blk. 19,5-7 inches
69,Palatiw,F. Soriano,,3-5 inches
70,Rosario,Jenny's Ext.,,5-8 inches
71,San Miguel,Mercedes Ave.,PS Bank,10 inches
72,Sumilang,along Dos De Julio,,5 inches
73,Buting,Tantanco St.,,12-15 inches
74,Sta. Lucia,Bautista/Liamson,,
75,Sto. Tomas,Villa Rosa,Basketball Court,4-6 inches
76,Manggahan,Soliven Ave.,Greenpark,12-15 inches
77,Rosario,Ortigas Ext.,Dabba Comp.,2-3 inches
78,Caniogan,Pag-Asa St.,,
79,Kalawaan,Axis Road,corner Elisco,
80,Malinao,G. Raymundo St.,,
81,San Miguel,Eusebio Ave.,Villa Eusebio,
82,San Miguel,Sandoval Ave.,Grand Monaco,
83,San Miguel,Market Ave.,Tambakan 1,
84,San Miguel,Victoria Road,,
85,San Miguel,Tambakan 2,,
86,San Miguel,Dr. Pilapil St.,Purok 1,
87,Palatiw,San Agustin Ave.,,
88,Maybunga,Parkwood,,2 feet
89,Manggahan,Metroville,PSP Ave.,3-5 inches
90,Manggahan,Metroville,St. Joseph,2-4 inches
91,Manggahan,Metroville,Jesus St.,5 inches
92,Malinao,"Urbano Velasco
Ave.",Meat Section,8 inches
93,San Nicolas,Market Ave.,Halamanan,4 inches
94,Pinagbuhatan,Sandoval Ave.,Power Fil,2-3 inches
95,Sagad,E. Angeles St.,"Sagad Elementary
School",2-3 inches
96,Palatiw,E. Santos St.,intersection,2-3 inches
97,Bambang,E. Jacinto St.,,1 inch
98,San Nicolas,Caruncho Ave.,infront of City Hall,2-3 inches
99,San Miguel,Mercedes Ave.,corner Market Ave.,2-3 inches
100,Bambang,F. Manalo St.,"along Iglesia to St.
Gerard",2-3 inches
101,San Nicolas,Caruncho Ave.,747,3-5 inches
102,Sumilang,Dos De Julio St.,infront of Brgy. Hall,4-5 inches
103,Manggahan,Pres. Quezon St.,corner Peras St.,2-5 inches
104,Ugong,F. Legaspi St.,,2-3 inches
105,Pinagbuhatan,Sandoval Ave.,SRS,1-2 inches
106,Pinagbuhatan,Sandoval Ave.,,2-3 inches
107,Pinagbuhatan,Sandoval Ave.,,
108,Manggahan,Taniman Ave.,,
109,San Antonio,Meralco Ave.,,
110,Manggahan,Peras St.,"corner Pres. Quezon
St.",2-3 inches
112,Sta. Lucia,Champaca St.,"likod ng De Castro
Elementary School",3-4 inches
113,Sta. Lucia,Morales,,5 inches
114,Dela Paz,Camayanan St.,,1-2 inches
,,Kalusugan St.,,22 inches
,,Kabutihan St.,creek side,12 inches
115,Rosario,Dabba Compound,Bathaluman St.,19 inches
117,Kalawaan,Axis Road,,2-3 inches
119,Manggahan,Sampaguita St.,,
120,Sta. Lucia,Bagong Anyo St.,,5 inches
121,Maybunga,"Dr. Sixto Antonio
Ave.",#432,8-9 inches
122,Sta. Lucia,"Morales
Compound",,2-3 inches
123,Sta. Lucia,Metropolis,"Metropolis Kanan
Metropolis Gate
Burmingham St.",12 inches
124,San Miguel,Market Ave.,Sacred Heart,12 inches
125,Kapasigan,"Dr. Sixto Antonio
Ave.",corner Dr. Pilapil St.,3-4 inches
126,Bagong Ilog,Pasig Boulevard,infront of RMC,4-6 inches
127,San Miguel,Market Ave.,Sacred Heart,4-6 inches
128,Pinagbuhatan,Sandoval Ave.,"near SRS
Supermarket",3-5 inches
129,San Miguel,Teachers Village,,3-4 inches
130,Santolan,"Amang Rodriguez
Ave.",Ilaya,
131,Malinao,G. Raymundo,,2-3 inches
132,Palatiw,F. Soriano St.,,
133,Manggahan,Karangalan Village,Karikitan St.,2-3 inches
134,Maybunga,F. Legaspi St.,infront of Parkwood,2-3 inches
135,Rosario,Jenny's Ave.,Greenland,3 inches
136,Pinagbuhatan,"Urbano Velasco
Ave.",corner Jasmin,
137,Manggahan,PSP Metroville,,8-10 inches
138,Manggahan,St. Mary St.,,6-8 inches
139,Pinagbuhatan,"Urbano Velasco
Ave.","Arko ng
Pinagbuhatan",2-3 inches
140,Sumilang,Magtanggol St.,,
141,Manggahan,Pres. Quezon St.,corner Peras St.,3-4 inches
142,Pinagbuhatan,Sandoval Ave.,,3-4 inches
143,San Miguel,M. Eusebio Ave.,,10-12 inches
144,Maybunga,Market Ave.,corner F. Legaspi St.,10-12 inches
145,Buting,G. Bunye St.,corner A. Flores St.,2-3 inches
,,,,
Flooded Areas within Pasig City 2023,,,,
No.,Barangay,Street,Landmark,Water Level (Estimated)
1,Malinao,"Urbano Velasco
Ave.",corner Market Ave.,1-2 inches
2,Manggahan,M.L. Quezon St.,,3-4 inches
3,Bagong Ilog,M. Flores St.,URC,
4,Oranbo,Henry Javier St.,corner Meralco Ave.,
5,Buting,G. Conching St.,,3-4 inches
6,Sto. Tomas,Villa San Juan,,2-3 inches
7,Pineda,F. Banaag St.,"infront of Pineda
Elem. School",12 inches
8,San Miguel,Mercedes Ave.,"going C. Raymundo
Ave.",2-4 inches
9,Bagong Ilog,Pasig Boulevard,Mejia St.,2-3 inches
10,Malinao,Farmers St.,near NOVO,2-3 inches
11,Malinao,Market Ave.,infront of Jolibee,3-4 inches
12,Palatiw,F. Soriano St.,likod ng Lianas,3-5 inches
13,Kalawaan,Elisco Road,corner Visitacion St.,5-7 inches
14,Malinao,"Urbano Velasco
Ave.",FCM,3-4 inches
15,Bambang,F. Manalo St.,corner J. Pueblo St.,4-6 inches
16,Pinagbuhatan,Nagpayong II,Block 19,2-3 inches
17,San Nicolas,Caruncho Ave.,"Vicinity of Pasig City
Hall",2-4 inches
18,Palatiw,Market Ave.,corner E. Santos St.,3-5 inches
19,Bagong Ilog,Kawilihan Village,"Kagandahan St. and
Kabutihan St.",3-6 inches
20,Palatiw,Caruncho Ave.,PCP,3-4 inches
21,Sta. Cruz,Capt. Ato St.,Purok 5 and 6,10 inches
22,Pinagbuhatan,R. Cruz St.,"corner Urbano
Velasco",12 inches
23,Bagong Ilog,F. Intalan St.,,36 inches
24,Bagong Ilog,San Roque St.,,36 inches
25,Bagong Ilog,Victorino St.,,36 inches
26,Bagong Ilog,Santiago St.,,36 inches
27,Bagong Ilog,Ikong St.,,36 inches
28,Bagong Ilog,M. Flores St.,,36 inches
29,Bambang,Pio Alvarez St.,,3-6 inches
30,Sumilang,Kalayaan St.,,4-6 inches
31,Sta. Cruz,Capt. Ato St.,,4-6 inches
32,Palatiw,"Caruncho
Compound",Jocson Ville,4-5 inches
33,San Miguel,M. Eusebio Ave.,PCP Substation,4-6 inches
34,Kapasigan,Dr. Pilapil St.,"corner Dr. Sixto
Antonio Ave.",2-3 inches
35,San Joaquin,Elisco Road,infront of Meralco,2-3 inches
36,Palatiw,Caruncho Ave.,Near Phantom Base,2-3 inches
37,Pinagbuhatan,"Urbano Velasco
Ave.",corner San Agustin,3 inches
38,Manggahan,M.L. Quezon St.,,3-5 inches
39,Manggahan,Karangalan,San Lorenzo Elem.,4-5 inches
40,Pineda,F. Banaag St.,Pineda Elem.,18-29 inches
41,Malinao,"Urbano Velasco
Ave.",,3-4 inches
42,Pineda,F. Banaag St.,Pineda Elem.,
43,Caniogan,C. Raymundo Ave.,"corner Mercedez
Ave.",5-6 inches
44,San Joaquin,Elisco Road,infront of Meralco,7-8 inches
45,Bagong Ilog,M. Flores St.,Talipapa,4-5 inches
46,Kapitolyo,Shaw Blvd.,corner Capitol Circle,4-5 inches
47,Kapitolyo,Shaw Blvd.,corener Pioneer St.,4-5 inches
48,San Miguel,M. Eusebio Ave.,,1 foot
49,Oranbo,St. Francis,,3-5 inches
50,Oranbo,St. Joseph,,
51,San Miguel,Market Ave.,"corenr Mercedez
Ave.",
52,Bagong Ilog,Dr. M. Flores St.,,1-2 inches
53,Sta. Cruz,Riverside,Soldiers Village,15-20 inches
54,San Miguel,Market Ave.,Chinese School,2-4 inches
55,Pinagbuhatan,Sandoval Ave.,Sta. Rita Homes,3 inches
56,Sta. Lucia,Champaca St.,,4-5 inches
57,San Nicolas,Market Ave.,infront of Jolibee,4-5 inches
58,Kapasigan,A. Mabini St.,"infront of Security
Bank",2-3 inches
59,Malinao,"Urbano Velasco
Ave.","Mutya ng Pasig Mega
Market",
60,Kapitolyo,West Capitol Drive,,2-4 inches
61,Palatiw,San Agustin Ave.,,2-4 inches
62,Malinao,G. Raymundo St.,,3-4 inches
63,Palatiw,E. Santos St.,,3-4 inches
64,Palatiw,N. Cruz St.,,3-4 inches
65,Pinagbuhatan,Ilugin,,8-10 inches
66,Bagong Ilog,C5 Road,corner Pasig Blvd.,3-4 inches
67,San Nicolas,Market Ave.,San Mateo Bank,2-3 inches
68,Kapitolyo,Shaw Blvd.,corner Pioneer St.,4 inches
69,San Miguel,Mercedes Ave.,corner Market Ave.,4-5 inches
70,San Miguel,Market Ave.,Chinese School,4-5 inches
71,San Joaquin,Elisco Road,Meralco,7-8 inches
72,Pinagbuhatan,Sandoval Ave.,"Greenwoods
Entrance",4-5 inches
73,San Miguel,Sandoval Ave.,Sandoval Divimart,4-5 inches
74,Palatiw,F. Soriano St.,likod ng Lianas,4-5 inches
75,Pinagbuhatan,Molave Compound,,3-5 inches
76,San Miguel,Mercedes Ave.,"going C. Raymundo
Ave.",3-4 inches
77,Caniogan,Pag-asa St.,,3-4 inches
78,Pinagbuhatan,Villa Cuana,,2-3 inches
79,San Miguel,Mercedes Ave.,,3-5 inches
80,Caniogan,C. Raymundo Ave.,Toby's,2-4 inches
81,Rosario,Ortigas Ext.,,2-3 inches
82,San Joaquin,Elisco Road,Meralco,4-5 inches
83,San Nicolas,Market Ave.,"halamanan and San
Mateo Bank",3-4 inches
84,Bagong Ilog,C5 Road,Service Road,3-4 inches
85,San Nicolas,Caruncho Ave.,"infront of EastWest
Bank",2-3 inches
86,Bagong Ilog,Pasig Boulevard,Talipapa,4-5 inches
87,San Miguel,Sandoval Ave.,Divimart,4-5 inches
88,San Miguel,Mercedes Ave.,infront of Yamaha,3-4 inches
89,San Joaquin,Elisco Road,Meralco,4-5 inches
90,San Miguel,M. Eusebio Ave.,Villa Eusebio,4-5 inches
91,Pinagbuhatan,Kenneth Road,Block 19,1-3 inches
92,San Miguel,Mercedes Ave.,Charitos,4-5 inches
93,Pinagbuhatan,Sandoval Ave.,Greenwoods Entrance,3-4 inches
94,Pineda,Sta. Monica St.,Multipurpose Hall,2-3 inches
95,San Nicolas,Caruncho Ave.,Revolving Tower,3-4 inches
96,San Miguel,Mercedes Ave.,Robinsons,2-3 inches
97,Caniogan,C. Raymundo Ave.,Mcdo,2-3 inches
98,Manggahan,Magsaysay St.,MLQ,2-3 inches
99,Manggahan,Napico,Peras St.,
100,Manggahan,Napico,Sitaw St.,
101,Manggahan,Soliven St.,,3 inches
102,Dela Paz,F. Mariano,Katapatan St.,12 inches
103,Dela Paz,Karangalan Village,Kalakasan St.,8-12 inches
104,Maybunga,F. Legaspi St.,Market,3-5 inches
105,Dela Paz,Kabutihan St.,,3-5 inches
106,San Joaquin,Elisco Road,Meralco,
107,San Joaquin,Elisco Road,Meralco,2-3 inches
108,Palatiw,Caruncho Ave.,Mang Inasal,2-3 inches
109,San Nicolas,Market Ave.,MPMM,2-3 inches
110,San Nicolas,Caruncho Ave.,infront of City Hall,9-10 inches
111,San Nicolas,Caruncho Ave.,Mang Inasal,2-3 inches
112,Palatiw,San Agustin Ave.,Angel's Burger,2-3 inches
113,San Nicolas,Caruncho Ave.,Sports Complex,2-3 inches
114,Malinao,"Urbano Velasco
Ave.",,2-3 inches
115,San Miguel,Mercedes Ave.,Petron,2-4 inches
116,San Jose,Plaza Rizal,,2-3 inches
117,San Miguel,Asuncion St.,,2-3 inches
118,San Miguel,Victori Road,,4-5 inches
119,San Miguel,Sandoval Ave.,Tambakan,4-5 inches
120,Pinagbuhatan,Kenneth Road,Block 19,2-7 inches
121,Kapitolyo,United St.,corner Sheridan St.,4-5 inches
122,San Miguel,M. Eusebio Ave.,PCGH,4-7 inches
,,,,
Flooded Areas within Pasig City 2024,,,,
No.,Barangay,Street,Landmark,Water Level (Estimated)
1,Oranbo,Henry Javier St.,Corner Meralco Ave.,2-3 inches
2,Dela Paz,Karangalan,Phase 2A,2-3 inches
3,Palatiw,E. Santos St.,,2-3 inches
4,Pinagbuhatan,"Urbano Velasco
Ave.",,3-4 inches
5,Palatiw,F. Soriano St.,Lianas,3 inches
6,Dela Paz,Karangalan Village,,4-5 inches
7,San Miguel,M. Eusebio Ave.,,5-6 inches
8,Maybunga,F. Legaspi St.,,3 inches
9,Kalawaan,Elisco Road,,3-4 inches
10,Kalawaan,Paulino St.,,2-3 inches
11,Bambang,Villa Alfonso,corner Villa Antonio,1 foot
12,San Nicolas,Market Ave.,corner Urbano Velasco,5 inches
13,Ugong,C5 Road,corner Canley Road,3-4 inches
14,Kalawaan,P. Tuazon St.,PCIST,2-3 inches
15,Bagong Ilog,C5 Road,Mejia St.,3-4 inches
16,San Miguel,Asuncsion St.,to Maxville,3-4 inches
17,Bagong Ilog,C5 Road,Talipapa,3-4 inches
18,Rosario,Ortigas Ext.,Burger King,3-4 inches
19,San Nicolas,Caruncho Ave.,Infront of City Hall,4-5 inches
20,Pinagbuhatan,Molave St.,City Jail,10-12 inches
21,Sto. Tomas,F. Manalo St.,corner E. Santos,3-4 inches
22,Caniogan,A. Flores St.,,13 inches
23,Rosario,C. Raymundo Ave.,Corner Bernal St.,4 inches
24,Manggahan,Greenpark,,10 inches
25,Pineda,F. Banaag St.,Pineda Elem. School,12-15 inches
26,Maybunga,M. Eusebio Ave.,,12-15 inches
27,Pinagbuhatan,Bolante 1,,12 inches
28,Bambang,Pio Alvarez St.,,4 inches
29,Bambang,E. Jacinto St.,,3-5 inches
30,Pinagbuhatan,"Urbano Velasco
Ave.",Damayan Court,12 inches
31,Pinagbuhatan,Molave St.,,5 inches
32,Pinagbuhatan,Ilugin,,5 inches
33,Pinagbuhatan,M.C. Guinto St.,,5 inches
34,Pinagbuhatan,Jasmin St.,,5 inches
35,Pinagbuhatan,Sandoval Ave.,Arrezo,5 inches
36,Palatiw,E. Santos St.,,5 inches
37,Sagad,E. Angeles St.,C. Raymundo,2-3 inches
38,Rosario,Greenland,Saturn St.,5 inches
39,Rosario,Ortigas Ext.,corner Tramo,12 inches
40,Sta. Lucia,Champaca St.,,12 inches
41,San Miguel,Mercedes Ave.,corner C. Raymundo,12 inches
42,Ugong,C5 Road,,15 inches
43,Dela Paz,Aguho St.,,3 inches
44,Manggahan,Kaimito St.,,9-10 inches
45,Pinagbuhatan,Kenneth Road,,9-10 inches
46,Santolan,Matahimik St.,,5 inches
47,Sta. Cruz,Capt. Ato St.,,7 inches
48,Pinagbuhatan,"Urbano Velasco
Ave.",Royal Villas,10 inches
49,San Miguel,Teachers Village,,6 inches
50,Santolan,Amang Rodriguez,,8 inches
51,Bagong Ilog,L. Intalan St.,,6-7 inches
52,Rosario,Dabba,Paraluman St.,4 feet
53,Manggahan,Soliven Ave.,Greenpark,2-3 feet
54,Sta. Lucia,De Castro St.,,12-15 inches
55,Sta. Lucia,Metrogreen,,5 inches
56,Sta. Lucia,"Morales
Compound",,5 inches
57,Sta. Lucia,Maxville XI,,5 inches
58,Sta. Lucia,Tawi-Tawi St.,,18 inches
59,Rosario,Ortigas Ext.,Rosario Church,5-8 inches
60,Rosario,Ortigas Ext.,"going to Riverside
Sta. Lucia",5-8 inches
61,Bagong Ilog,Sgt. Pascua St.,Tawiran,2-3 inches
62,San Miguel,Maxville 6 and 7,,12-14 inches
63,Bambang,F. Manalo St.,,2-3 inches
64,Dela Paz,Imelda Ave.,Karangalan,4 feet
65,San Miguel,Sandoval Ave.,Divi Mart,
66,Sto. Tomas,M.H. Del Pilar St.,"Tomasito Motor
Parts",3-4 inches
67,Manggahan,Kapitagan St.,"San Lorenzo Elem.
School",1 foot
68,Palatiw,N. Cruz,,5 inches
69,San Miguel,Dr. Pilapil St.,,2-4 inches
70,Rosario,Ortigas Ext.,St. Joseph,2-3 inches
71,Maybunga,F. Legaspi St.,Rave,5 inches
72,Sta. Lucia,Riverside,10 St.,4 feet
73,Manggahan,Karangalan,Kaginhawaan St.,2 feet
74,Ugong,C5 Road,corner Eagle St.,
75,Rosario,Doña Juana Subd.,Topaz St.,15 inches
76,Santolan,Doroteo Ext.,,4 feet
77,Rosario,Bernal St.,Corner C. Raymundo,2-3 inches
78,Rosario,Ortigas Ext.,corner GSIS,2-3 inches
79,Pineda,F. Banaag St.,Pineda Elem. School,2-3 inches
80,Kapitolyo,Shaw Blvd.,corner Pioneer,3 inches
81,Bagong Ilog,C5 Road,Corner Canley Road,4-5 inches
82,Manggahan,Amang Rodriguez,corner PSP Ave.,4-5 inches
83,San Miguel,M. Eusebio Ave.,Villa Eusebio,6 inches
84,San Joaquin,Elisco Road,,6 inches
85,Manggahan,Amang Rodriguez,"from St. Camillus
Hospital to Sumisho",3-4 inches
86,Manggahan,Amsterdam St.,corner Washington,4-5 inches
87,Pinagbuhatan,"Urbano Velasco
Ave.",corner Acacia,2-3 inches
88,Dela Paz,F. Mariano St.,Yap Compound,2 feet
89,Manggahan,Karangalan Village,,2 Feet
90,Pinagbuhatan,Sandoval Ave.,Greenwoods,4-5 inches
91,Dela Paz,F. Mariano St.,,2 feet
92,Santolan,Sgt. De Leon St.,Corner Natasha St.,2 feet
93,Santolan,Pinagbuklod,Tawiran,2 feet
94,Rosario,Doña Andrea,Dream Flower,2 feet
95,Rosario,Doña Damiana,Paraluman St.,2 feet
96,Rosario,Doña Damiana,Luwalhati St.,2 feet
97,Manggahan,Karangalan Village,Gate 5,2 feet
98,Santolan,Doroteo,Doroteo Court,2 feet
99,Santolan,Tawiran St.,Tawiran Bangkaan,2 feet
100,Santolan,Dado Compound,,2 feet
101,Santolan,Rafael Cruz St.,,2 feet
102,Santolan,Victorino St.,,2 feet
103,Manggahan,Karangalan Village,near Sto. Niño Elem.,3 feet
,,,,
Flooded Areas within Pasig City 2025,,,,
No.,Barangay,Street,Landmark,Water Level (Estimated)
1,Sta. Lucia,Champaca St.,,3-4 inches
2,Sta. Lucia,"Bautista
Compound",,12 inches
3,San Joaquin,Elisco Road,,2-3 inches
4,Pinagbuhatan,"Urbano Velasco
Ave.",,3-5 inches
5,San Nicolas,Caruncho Ave.,Petro Gazz,3-4 inches
6,San Nicolas,F. Manalo St.,infront of City Hall,2-3 inches
7,Kapitolyo,East Capitol Drive,infront of Meralco,3-5 inches
8,Manggahan,Karikitan St.,"corner Kabayanihan
St.",3-5 inches
9,Palatiw,E. Santos St.,,3-5 inches
10,Manggahan,Kaimito St.,,3-5 inches
11,San Miguel,M. Eusebio Ave.,,3-5 inches
12,Pinagbuhatan,Sandoval Ave.,Jollibee,3-5 inches
13,Sumilang,Dr. Garcia St.,,2-3 inches
14,Pinagbuhatan,"Urbano Velasco
Ave.",Royal Villa,10 inches
15,Pinagbuhatan,Pinalad Road,Camachile St.,10 inches
16,Pinagbuhatan,Villa Cuana,,2-3 inches
17,Kalawaan,P. Visitacion St.,corner Elisco Road,2-3 inches
18,Sta. Lucia,Riverside,"9th St. corner 10th
St.",12 inches
19,Dela Paz,Yap Compound,Katipiran St.,4-5 inches
20,Dela Paz,K118,,4-5 inches
21,Dela Paz,Karangalan,Kabutihan Road,4-5 inches
22,San Joaquin,Villa Capistrano,Garden Area,2-3 inches
23,San Miguel,M. Eusebio Ave.,,2-3 inches
24,Kalawaan,Elisco Road,going to Visitacion,11 inches
25,Caniogan,"Dr. Sixto Antonio
Ave.",Rizal High School,3-5 inches
26,San Miguel,Mercedes Ave.,M. Eusebio Damayan,8 inches
27,Pinagbuhatan,Urbano Velasco,corner Acacia,3 inches
28,Pinagbuhatan,Urbano Velasco,corner Esguerra St.,3 inches
29,Manggahan,Pipino Ext.,,5 inches
30,Manggahan,Labanos St.,,5 inches
31,Manggahan,Mansanas St.,,5 inches
32,Manggahan,Guyabano St.,,5 inches
33,Pinagbuhatan,Nagpayong,Mulawin St.,5 inches
34,San Miguel,M. Eusebio Ave.,Villa Eusebio,1 inch
35,Dela Paz,Karangalan,Phase 2,12 inches
36,Kalawaan,Resettlement,,4-7 inches
37,Malinao,G. Raymundo St.,,2-3 inches
38,Santolan,"Sta. Lucia
Subdivision",,7-10 inches
39,Sta. Lucia,Callos Compound,,2 feet
40,Sta. Lucia,Hugo Compound,,1 foot
41,Manggahan,Capetown St.,corner Rome St.,5 inches
42,Manggahan,Soliven Ave.,corner Kingston,5 inches
43,Manggahan,Panama St.,corner Stockholm,5 inches
44,Manggahan,Paris St.,corner Soliven Ave.,5 inches
45,Manggahan,Prague St.,,10 inches
46,Manggahan,Rome St.,corner Prague St.,10 inches
47,Manggahan,Washington St.,Iglesia,10 inches
48,Manggahan,Guatemala St.,corner Rome St.,10 inches
49,Manggahan,Kabayanihan St.,corner Karikitan St.,15 inches
50,Manggahan,Athens St.,corner Guatemala St.,10 inches
51,Dela Paz,Karangalan,Phase 2,18 inches
52,Kalawaan,Resettlement,,4-7 inches
53,Santolan,Masikap St.,,5 inches
54,Santolan,Sgt. De Leon St.,,5 inches
55,Sta. Lucia,Taw-Tawi St.,,15 inches
56,Manggahan,Karangalan,Metroville,15 inches
57,Sta. Lucia,"Morales
Compound",5th St.,3-4 inches
58,Sta. Lucia,"Bautista
Compound",,3-4 inches
59,Maybunnga,Westbank Road,,13 inches
60,Santolan,Sgt. De Leon St.,,15 inches
61,Santolan,Masikap St.,Bangkaan,5 inches
62,Santolan,Doroteo St.,,15 inches
63,Santolan,Marcelino St.,,15 inches
64,Santolan,Rafael Cruz St.,,5 inches
65,Santolan,Victorino St.,,5 inches
66,Ugong,C. Santos St.,,5 inches
67,Manggahan,K16,,1 foot
68,Sta. Lucia,Bagong Anyo St.,,4-5 inches
69,Manggahan,Stockholm St.,,2-3 inches
70,Sta. Lucia,Metropolis 1,,2 feet
71,Sta. Lucia,Metropolis 2,,2 feet
72,Sta. Lucia,Rosario Village,,2 feet
73,Rosario,"Rosario Village
TRAMO",,14 inches
74,Manggahan,"Amang Rodriguez
Ave.",Brgy. Hall,24 inches
75,San Miguel,M. Eusebio Ave.,,2 feet
76,Manggahan,Kaginhawaan St.,corner Karikitan St.,4-5 inches
77,Sta. Lucia,Champaca St.,,4-5 inches
78,Sta. Lucia,"Metro Green
Village",Hawk St.,3-4 inches
79,Rosario,DABA St.,,2 feet
80,Sta. Lucia,De Castro,Rosal St.,2-3 inches
81,Sta. Lucia,De Castro,Dahlia St.,4 inches
82,Sta. Lucia,Bagong Anyo St.,,3 feet
83,Sta. Lucia,Azucena St.,,3 feet
84,Sta. Lucia,Liro St.,,6-10 inches
85,Sta. Lucia,St. Jude St.,Thaddeus,4-5 feet
86,Sagad,Dr. Pilapil St.,going to San Miguel,5 inches
87,Sagad,Feliciano St.,corner E. Angeles St.,2 feet
88,Sagad,Villa Roman,,6 inches
89,Maybunga,"Parkwood
Executive Village",Phase 4B,2 feet
90,Palatiw,E. Santos St.,Balsangkat HC,
91,Sta. Lucia,Ilang-Ilang St.,,5 inches
92,Bagong Ilog,A. Bonifacio St.,dulo,5 inches
93,Sta. Lucia,"Roberto Antonio
St.",,15 inches
94,Manggahan,Washington St.,Iglesia ni Cristo,5 inches
95,Sta. Lucia,"Marieta Romeo
Village",,15 inches
96,Rosario,Victoria Ville,,5 inches
97,Maybunga,Damayan Homes,,15 inches
98,Maybunga,"San Antonio Abad
Subd.",,5 inches
99,Maybunga,Jenny's Ave.,"Pasig Millenium
Garden",2-3 inches
100,Sta. Lucia,Mabuhay St.,,4 feet
101,Rosario,Greenland Village,Moon St.,5 inches
102,Sta. Lucia,Arnel IV Subd.,,3 feet
103,Manggahan,Kabayanihan St.,corner Karikitan St.,14 inches
104,Bagong Ilog,C5 Road,corner Pasig Blvd.,2-3 inches
105,Bambang,Dr. Garcia St.,,3-4 inches
106,San Joaquin,A. Policarpio St.,,15 inches
107,Sta. Cruz,Purok 6-7,Callejon 2,3 inches
108,Sta. Lucia,"Rosario Village
TRAMO",,10 inches
109,Sta. Lucia,St. Jude St.,Thaddeus,2 inches
110,Dela Paz,Yap Compound,Katipiran St.,2 feet
111,Rosario,Dabba,SM East Ortigas,1-2 inches
112,Maybunga,Westbank Road,,6 feet
113,Maybunga,Damayan Homes,,1 inch
114,Malinao,G. Raymundo St.,corner F. Antonio St.,2 feet
115,San Nicolas,Market Ave.,MVSM Bank,1-2 inches
116,Dela Paz,"Phase 2A
Karangalan Village",Blk 48 Lot 7 K113,2 feet
117,San Miguel,M. Eusebio Ave.,,4-5 inches
118,Manggahan,Kaginhawaan St.,to Kaunlaran St.,5 inches
119,Manggahan,Kaunlaran St.,,5 inches
120,Manggahan,Trinidad Homes,1st St.,5 inches
121,Manggahan,Trinidad Homes,2nd St.,5 inches
122,Manggahan,Kabayanihan St.,corner Karikitan St.,5 inches
123,Manggahan,Imelda Ave.,Buenas Market,2 inches
124,Manggahan,Metroville,going to Felix Ave.,5 inches
125,Rosario,Dabba,Paraluman St.,2 feet
126,Pinagbuhatan,Sandoval Ave.,corner Kenneth Road,2-3 inches
127,Sta. Lucia,Riverside Village,,4-5 feet
128,San Joaquin,A. Policarpio St.,,2-3 inches
129,Sta. Lucia,Hugo Compound,,1-2 inches
130,Sta. Lucia,Tawi-Tawi St.,,15 inches
131,Sta. Lucia,Riverside Village,9th St.,2 feet
132,Sta. Lucia,Riverside Village,10th St.,2 feet
133,Sta. Lucia,Tawi-Tawi St.,,1 inch
134,Palatiw,M.H. Del Pilar St.,Villa Sula,5 inches
135,Sta. Lucia,10th Ave.,,5-8 inches
136,Sta. Lucia,11th Ave.,,5-8 inches
137,Sta. Lucia,Callos Compound,,5-10 inches
138,Sumilang,Dos De Julio St.,,7 inches
139,Sumilang,Katwiran St.,,7 inches
140,Sumilang,Kalayaan St.,,7 inches
141,Sumilang,Magtanggol St.,,7 inches
142,Bagong Ilog,Sgt. Pascua St.,,7 inches
143,Sumilang,Katwiran St.,,2-3 inches
144,Pinagbuhatan,"Urbano Velasco
Ave.",Royal Village,3-5 inches
145,Sumilang,Kalayaan St.,Dr. Sixto Elem,3-5 inches
146,Pinagbuhatan,"Urbano Velasco
Ave.",Acacia St.,3-5 inches
147,Pinagbuhatan,"Urbano Velasco
Ave.",Esguerra St.,5 inches
148,Sta. Lucia,Kaunlaran St.,"Rosario 5 and 6
tennis court",5 inches
149,Malinao,"Urbano Velasco
Ave.","going to
Pinagbuhatan",6-7 inches
150,Palatiw,E. Santos St.,Balsancat,11 inches
151,San Nicolas,Market Ave.,,2-3 inches
152,San Miguel,M. Eusebio Ave.,PCGH,5 inches
153,San Nicolas,Caruncho Ave.,Immaculada,3-4 inches
154,Bagong Ilog,Sgt. Pascua,,
155,Kalawaan,Dalandan St.,Resettlement,2-3 inches
156,Kalawaan,Ismar,,2-3 inches
157,Bagong Ilog,Sgt. Pascua,Pook Maligaya,4-5 inches
158,Bagong Ilog,R. Valdez St.,,4-5 inches
159,Bagong Ilog,B. Tatco St.,,4-5 inches
160,Bagong Ilog,A. Flores,Ilaya,4-5 inches
161,Bagong Ilog,Joe Borris St.,,4-5 inches
162,Bagong Ilog,C5 Road,Global Oil,4-5 inches
163,Sta. Lucia,"Morales
Compound",,
164,Pinagbuhatan,"Urbano Velasco
Ave.",,5 inches
165,Pinagbuhatan,Caliwag St.,,5 inches
166,Pinagbuhatan,Acacia St.,,5 inches
167,Ugong,C5 Road,Hypermarket,5 inches
168,Ugong,Meralco Ave.,The Alexandra,2-3 inches
169,Santolan,R. Cruz St.,5th St.,12 inches
170,Santolan,"Amang Rodriguez
Ave.",Mirea Residence,2-3 inches
171,Dela Paz,Kalusugan St.,,12 inches
172,Dela Paz,Kalakasan St.,,12 inches
173,Dela Paz,Kayamanan St.,,12 inches
174,Dela Paz,Kalikasan St.,,12 inches
175,Dela Paz,Kabutihan St.,,12 inches
176,Manggahan,"Amang Rodriguez
Ave.",Pasig Green Park,4-5 inches
177,Santolan,Mejico St.,corner Pasco,12 inches
178,Santolan,Gabriel St.,1st St.,12 inches
179,Santolan,Mejico St.,corner Evangelista,12 inches
180,Santolan,Buenmar St.,,12 inches
181,Santolan,Sta. Lucia St.,corner Sto. Tomas St.,12 inches
182,Santolan,Sto. Tomas St.,corner Dumandan,12 inches
183,Santolan,Sgt. De Leon St.,,12 inches
184,Santolan,Andres St.,,12 inches
185,Santolan,Sta. Lucia St.,corner F. Pasco,12 inches
186,San Joaquin,Elisco Road,,5 inches
187,Pinagbuhatan,Urbano Velasco,corner Acacia,2-3 inches
188,Palatiw,E. Santos,interior,1 inch
189,Pinagbuhatan,Urbano Velasco,Royal Villa,5 inches
190,Sumilang,Dos De Julio,,2-5 inches
191,Pinagbuhatan,Esguerra St.,,1 inch
192,Manggahan,Monggo St.,,2-3 inches
193,Sta. Lucia,Champaca St.,De Castro Elem.,2-3 inches
194,Rosario,Ortigas Ext.,Doña Juana,
195,San Miguel,Mercedes Ave.,cor. Market Ave.,5 inches
196,Bagong Ilog,Pasig Blvd.,,5 inches
197,San Nicolas,Caruncho Ave.,Lianas,2-3 inches
198,Manggahan,Taniman Ave.,Ampalaya St.,3-4 inches
199,Sta. Lucia,"Bautista
Compound",,15 cm
200,Maybunga,"San Antonio Abad
Subd.",Kamagong St.,12 inches
201,Sta. Lucia,"Morales
Compound",,
202,San Miguel,Lupang Pari,,5 inches
203,San Nicolas,F. Manalo St.,"infront of old City
Hall",3-4 inches
204,Caniogan,C. Dela Paz St.,,15 inches
205,Bagong Ilog,C5 Road,cor. Canley Road,5 inches
206,Manggahan,Ilang-Ilang St.,,5 inches
207,Rosario,Bathaluman St.,,2-3 inches
208,Rosario,C. Raymundo Ave.,cor. Bernal St.,2-3 inches
209,Manggahan,Pipino St.,,5 inches
210,Manggahan,Labanos St.,,5 inches
211,Kalawaan,Elisco Road,,2-3 inches
212,Manggahan,Mansanas St.,,5 inches
213,San Nicolas,Market Ave.,"infront of Mang
Inasal",2-3 inches
214,Manggahan,Kapitagan St.,,3-4 inches
215,Manggahan,Sampaguita St.,,3-4 inches
216,Bagong Ilog,Sgt. Pascua St.,Tawiran,2-3 inches
217,Bagong Ilog,Sgt. Pascua St.,Pook Maligaya,2-3 inches
218,Bagong Ilog,R. Valdez St.,,2-3 inches
219,Bagong Ilog,Sgt. G. Santos St.,,2-3 inches
220,Manggahan,Greenpark Village,Copenhagen St.,3-4 inches
221,Manggahan,Greenpark Village,Kingstone St.,3-4 inches
222,Bagong Ilog,B. Tatco St.,,2-3 inches
223,Bagong Ilog,A. Flores St.,Ilaya,3-5 inches
224,San Miguel,M. Eusebio Ave.,Villa Eusebio,2-3 inches
225,San Miguel,M. Eusebio Ave.,RTU,8 inches
226,Caniogan,Pag-Asa St.,,5 inches
