candidate_timeline_id,candidate_reporting_episode,city,qualified_barangay,location_mentions,wet_observation_count,candidate_snapshot_count,unique_reported_clocks,first_reported_wet_at,last_reported_wet_at,elapsed_hours_between_snapshots,observation_ids,source_ids,conditional_interval_candidate_ids,physical_clearance_status,identity_status,continuous_flooding_between_snapshots,independent_storm_status,training_admitted
TL-006e1bb31234c9c4,PASIG-2026-AUG17-18,Pasig,Bagong Ilog,Yakal St.,1,1,1,2026-08-17T20:30:00+08:00,2026-08-17T20:30:00+08:00,0.0,OBS-509db871de008473,GMA-20260817-998778,,not_observed,candidate_same_reported_place,not_established,not_established,false
TL-018c9725b41550f0,PASIG-2025-JUL21-25,Pasig,Dela Paz,"Kabayanihan cor Karikitan St, Brgy. Dela Paz",3,3,3,2025-07-21T19:00:00+08:00,2025-07-21T23:45:00+08:00,4.75,OBS-7170e9e84fad4c4e;OBS-24e03340ba9e38e6;OBS-6b6e7014e9240e69,PASIG-20250721-1900;PASIG-20250721-2200;PASIG-20250721-2345,,not_observed,uncertain_alias_or_cross_day_identity,not_established,not_established,false
TL-01f667e19f4c889c,PASIG-2021-JUL23-25-CANDIDATE,Pasig,,St. Mary Manggahan,1,1,1,2021-07-25T12:00:00+08:00,2021-07-25T12:00:00+08:00,0.0,OBS-fc057989a33b8563,GMA-20210725-796691,,not_observed,candidate_same_reported_place,not_established,not_established,false
TL-01fb5eca29a0524e,PASIG-2025-JUL21-25,Pasig,Sumilang,"Kalayaan St., Brgy. Sumilang",3,3,3,2025-07-25T18:30:00+08:00,2025-07-25T21:30:00+08:00,3.0,OBS-b70c0bb95977640f;OBS-e88df515e4177597;OBS-fd6bf967c25aef14,PASIG-20250725-2330,,not_observed,candidate_same_reported_place,not_established,not_established,false
TL-0388b79da6476ddd,PASIG-2026-AUG29-30,Pasig,Santolan,Sgt. De Leon Camia St.,2,2,2,2026-08-29T20:30:00+08:00,2026-08-30T05:00:00+08:00,8.5,OBS-7e2ffae9d0234d9d;OBS-7bee19ee2fd13e39,PASIG-20260829-2030;PASIG-20260830-1100,INC-005dbe3d7a2d58f8,uncertain_summary_link,candidate_same_reported_place,not_established,not_established,false
TL-060f07634ad5f9e9,PASIG-2026-AUG10-11,Pasig,Maybunga,"Block 3 Alley 8, Westbank Road Floodway",2,2,2,2026-08-10T00:30:00+08:00,2026-08-11T05:30:00+08:00,29.0,OBS-39434bb503e71dc8;OBS-907875bacbcb20a7,PASIG-20260810-0030;PASIG-20260811-0950,INC-f882daedcc8c11b7,uncertain_summary_link,candidate_same_reported_place,not_established,not_established,false
TL-06cb82e8cd730832,PASIG-2026-AUG17-18,Pasig,Oranbo,Saint Francis St.,2,2,2,2026-08-17T20:30:00+08:00,2026-08-18T00:30:00+08:00,4.0,OBS-c9ae0d5ba9e3de8e;OBS-a9353c61bb8ef986,GMA-20260817-998778;PASIG-20260818-0030,,not_observed,candidate_same_reported_place,not_established,not_established,false
TL-07cd192646d1e9c6,PASIG-2026-AUG29-30,Pasig,Dela Paz,Katipiran cor. K118 Dela Paz,3,3,3,2026-08-29T20:30:00+08:00,2026-08-30T05:00:00+08:00,8.5,OBS-8b91f03bbc3428bd;OBS-bf0d8a5ea2240ae8;OBS-a2c71aed901c649b,PASIG-20260829-2030;PASIG-20260829-2230;PASIG-20260830-1100,INC-a3dde416ca160dbd,uncertain_summary_link,candidate_same_reported_place,not_established,not_established,false
TL-081370a74fce23f9,PASIG-2026-AUG29-30,Pasig,Pinagbuhatan,Esguerra cor Urbano Velasco,1,1,1,2026-08-29T20:30:00+08:00,2026-08-29T20:30:00+08:00,0.0,OBS-f2ecc1174ca56fa3,PASIG-20260829-2030,,not_observed,candidate_same_reported_place,not_established,not_established,false
TL-0ab2eb681eb70f7e,PASIG-2025-JUL21-25,Pasig,Manggahan,Buenas Market Imelda Ave. Brgy. Manggahan,1,1,1,2025-07-23T09:00:00+08:00,2025-07-23T09:00:00+08:00,0.0,OBS-2bc36c2ba28267f4,PASIG-20250723-0900,,not_observed,candidate_same_reported_place,not_established,not_established,false
TL-0c149c8f1c98b729,PASIG-2025-JUL21-25,Pasig,Sta. Lucia,"Morales Compound 5th St., Brgy. Sta. Lucia",3,3,3,2025-07-21T19:00:00+08:00,2025-07-21T23:45:00+08:00,4.75,OBS-776d3fc2732e446a;OBS-aa53a1b6b94484a5;OBS-7f7b4385f798fd18,PASIG-20250721-1900;PASIG-20250721-2200;PASIG-20250721-2345,,not_observed,candidate_same_reported_place,not_established,not_established,false
TL-0d87b815be9d6655,PASIG-2024-JUL24-25,Pasig,San Miguel,Eusebio Ave (PCGH) - Brgy. San Miguel;Eusebio Ave. (PCGH) - Brgy. San Miguel;Eusebio Ave. (PCGH) Brgy. San Miguel;Eusebio ave (PCGH) Brgy. San Miguel,10,10,10,2024-07-24T11:00:00+08:00,2024-07-25T01:00:00+08:00,14.0,OBS-14a9323a559b7cd0;OBS-4a1adeb9d8de1b02;OBS-50475275da534b21;OBS-c9c16b22a62bb46c;OBS-a428a901506b3581;OBS-d81fb22f6c7468cf;OBS-103967f325c88378;OBS-e28239f7eca78587;OBS-b358a46353a85a2b;OBS-1ccf0ac27a114432,PASIG-20240725-0400,,not_observed,candidate_same_reported_place,not_established,not_established,false
TL-0db4e9fe5b752d36,PASIG-2026-AUG29-30,Pasig,Sta. Lucia,10th Ave. Riverside Village,1,1,1,2026-08-29T20:30:00+08:00,2026-08-29T20:30:00+08:00,0.0,OBS-16f9c3b6f3386a07,PASIG-20260829-2030,,not_observed,candidate_same_reported_place,not_established,not_established,false
TL-0ddb586c9a7a4da5,PASIG-2026-AUG10-11,Pasig,Maybunga,"Block 2 Alley 8, Westbank Road Floodway",2,2,2,2026-08-10T00:30:00+08:00,2026-08-11T05:30:00+08:00,29.0,OBS-ed98d22d5c02f05d;OBS-ade97f6169b3fedf,PASIG-20260810-0030;PASIG-20260811-0950,INC-9ba660ad0dce21f8,uncertain_summary_link,candidate_same_reported_place,not_established,not_established,false
TL-0e62f033cbb6894d,PASIG-2026-AUG29-30,Pasig,Sta. Lucia,Metropolis 1,3,3,3,2026-08-29T20:30:00+08:00,2026-08-30T05:00:00+08:00,8.5,OBS-76208a5c4784abab;OBS-cdb29e5b51b3188d;OBS-796b1c56217cdbc1,PASIG-20260829-2030;PASIG-20260829-2230;PASIG-20260830-1100,INC-eca347e799922e6d,uncertain_summary_link,candidate_same_reported_place,not_established,not_established,false
TL-0ecb42b2e2a4440d,PASIG-2026-AUG29-30,Pasig,Sta. Lucia,"New Society St., De Castro",3,3,3,2026-08-29T20:30:00+08:00,2026-08-30T05:00:00+08:00,8.5,OBS-9c1dfe4137d9603d;OBS-7088da65213740d8;OBS-1ddfe265a7abcc0d,PASIG-20260829-2030;PASIG-20260829-2230;PASIG-20260830-1100,INC-44805be6b98bf08b,uncertain_summary_link,candidate_same_reported_place,not_established,not_established,false
TL-0ed40ac955f493d7,PASIG-2026-AUG29-30,Pasig,San Miguel,Villa Eusebio,1,1,1,2026-08-29T20:30:00+08:00,2026-08-29T20:30:00+08:00,0.0,OBS-72a12ccbafa8fadc,PASIG-20260829-2030,,not_observed,candidate_same_reported_place,not_established,not_established,false
TL-0eec0c04ade72bc1,PASIG-2026-AUG17-18,Pasig,Sta. Lucia,Tawi-Tawi,2,2,2,2026-08-17T20:30:00+08:00,2026-08-18T00:30:00+08:00,4.0,OBS-9dec613f8251547d;OBS-abef89143afa5c3a,GMA-20260817-998778;PASIG-20260818-0030,,not_observed,candidate_same_reported_place,not_established,not_established,false
TL-0f9c7c81bfa8eae3,PASIG-2025-JUL21-25,Pasig,Sta. Lucia,"Rosario Village Tramo St., Brgy. Sta. Lucia",2,2,2,2025-07-21T22:00:00+08:00,2025-07-21T23:45:00+08:00,1.75,OBS-bbbb20b36731ef9a;OBS-63e7acea17f6f5eb,PASIG-20250721-2200;PASIG-20250721-2345,,not_observed,candidate_same_reported_place,not_established,not_established,false
TL-1178417e636ae7f0,PASIG-2026-AUG17-18,Pasig,Santolan,Camia St. (Sgt. De Leon),2,2,2,2026-08-17T20:30:00+08:00,2026-08-18T00:30:00+08:00,4.0,OBS-862615125fdc3862;OBS-037f3a0081fa52fb,GMA-20260817-998778;PASIG-20260818-0030,,not_observed,candidate_same_reported_place,not_established,not_established,false
TL-14982cd15966fa0a,PASIG-2025-JUL21-25,Pasig,Manggahan,"Athens St. cor. Guatemala, Brgy. Manggahan",3,3,3,2025-07-21T19:00:00+08:00,2025-07-21T23:45:00+08:00,4.75,OBS-ad5e5d46f4419de6;OBS-888e69bd83f9540f;OBS-abe5d7e7154d7635,PASIG-20250721-1900;PASIG-20250721-2200;PASIG-20250721-2345,,not_observed,candidate_same_reported_place,not_established,not_established,false
TL-1534b60ded97cec8,PASIG-2025-JUL21-25,Pasig,Manggahan,"Prague St cor. Rome St., Brgy. Manggahan",3,3,3,2025-07-21T19:00:00+08:00,2025-07-21T23:45:00+08:00,4.75,OBS-dea8854e07019686;OBS-5cc5720f42d4f4b3;OBS-f9ea7055090cf05c,PASIG-20250721-1900;PASIG-20250721-2200;PASIG-20250721-2345,,not_observed,candidate_same_reported_place,not_established,not_established,false
TL-16607e37446fef72,PASIG-2021-JUL23-25-CANDIDATE,Pasig,,Metroville Imelda Ave.,1,1,0,,,,OBS-170124a3939df660,RMN-20210725-MANDALUYONG-PASIG,,not_observed,candidate_same_reported_place,not_established,not_established,false
TL-16fbc7f9f0049c8d,PASIG-2026-AUG17-18,Pasig,San Miguel,Parian Creek,2,2,2,2026-08-17T20:30:00+08:00,2026-08-18T00:30:00+08:00,4.0,OBS-468d0044a7287cb7;OBS-f21f1b7581e54b71,GMA-20260817-998778;PASIG-20260818-0030,,not_observed,candidate_same_reported_place,not_established,not_established,false
TL-1819c83fb5709e3c,NCR-2022-JUL30-ESTER,Pasig,,C5 Ortigas Service Road (both bounds),1,1,1,2022-07-30T12:44:00+08:00,2022-07-30T12:44:00+08:00,0.0,OBS-ec5fcf563c793430,GMA-20220730-839934,,not_observed,uncertain_alias_or_cross_day_identity,not_established,not_established,false
TL-18edf32dc0e8a593,PASIG-2026-AUG17-18,Pasig,Manggahan,Prague St,1,1,1,2026-08-17T20:30:00+08:00,2026-08-17T20:30:00+08:00,0.0,OBS-6f5c8df48d2e9447,GMA-20260817-998778,,not_observed,candidate_same_reported_place,not_established,not_established,false
TL-1aaf0fef4a7e4c67,PASIG-2026-AUG29-30,Pasig,Manggahan,"Soliven St. Cor Copenhagen, Greenpark",2,2,2,2026-08-29T20:30:00+08:00,2026-08-29T22:30:00+08:00,2.0,OBS-23e7f522a9169d00;OBS-9050084ebdb55850,PASIG-20260829-2030;PASIG-20260829-2230,,not_observed,candidate_same_reported_place,not_established,not_established,false
TL-1b9a3e22074d3025,PASIG-2024-SEP02-03,Pasig,Manggahan,"Karangalan Gate 1 to Gate 5, Brgy. Manggahan",5,5,5,2024-09-02T10:30:00+08:00,2024-09-02T15:00:00+08:00,4.5,OBS-f359ae757a400fb3;OBS-0ab241e5eb1758ff;OBS-777a188f8a1abc9a;OBS-9a7cbb32d416551d;OBS-11e9532e7dab7cae,PASIG-20240902-2100,,not_observed,candidate_same_reported_place,not_established,not_established,false
TL-1e185b484c932053,PASIG-2025-JUL21-25,Pasig,Manggahan,"Metro Ville Karangalan, Brgy. Manggahan",3,3,3,2025-07-21T19:00:00+08:00,2025-07-21T23:45:00+08:00,4.75,OBS-d49cbd78c8ce9067;OBS-586e84c0387414f3;OBS-8d0cd582c458d7cc,PASIG-20250721-1900;PASIG-20250721-2200;PASIG-20250721-2345,,not_observed,candidate_same_reported_place,not_established,not_established,false
TL-1f624a57f245628e,PASIG-2026-AUG29-30,Pasig,Pinagbuhatan,Molave St. (Sikat Araw),1,1,1,2026-08-29T20:30:00+08:00,2026-08-29T20:30:00+08:00,0.0,OBS-2b6f010f613b1532,PASIG-20260829-2030,,not_observed,candidate_same_reported_place,not_established,not_established,false
TL-1fabe5d9043ca1e4,PASIG-2025-JUL21-25,Pasig,San Joaquin,A. Policarpio St.,1,1,1,2025-07-23T17:00:00+08:00,2025-07-23T17:00:00+08:00,0.0,OBS-c6115f5949d9b12d,PASIG-20250723-1700,,not_observed,candidate_same_reported_place,not_established,not_established,false
TL-21c757ee91d366fb,PASIG-2025-JUL21-25,Pasig,Manggahan,"Iglesia Washington St., Brgy. Manggahan",2,2,2,2025-07-21T19:00:00+08:00,2025-07-21T22:00:00+08:00,3.0,OBS-b33d211ff2a96c92;OBS-4fff1f7df6e98cbf,PASIG-20250721-1900;PASIG-20250721-2200,,not_observed,candidate_same_reported_place,not_established,not_established,false
TL-23acbb2bdefbc5ab,PASIG-2026-AUG29-30,Pasig,Sta. Lucia,Kaunluran St.,3,3,3,2026-08-29T20:30:00+08:00,2026-08-30T05:00:00+08:00,8.5,OBS-bf37b8c390eabd7a;OBS-09bd97ef469b2987;OBS-588c15ae51856611,PASIG-20260829-2030;PASIG-20260829-2230;PASIG-20260830-1100,INC-6c347db5bc76f8fc,uncertain_summary_link,candidate_same_reported_place,not_established,not_established,false
TL-2481184770ae4dfc,PASIG-2025-JUL21-25,Pasig,Sta. Lucia,"Tawi-tawi St., Brgy. Sta. Lucia",3,3,3,2025-07-21T19:00:00+08:00,2025-07-21T23:45:00+08:00,4.75,OBS-051d1c798413d308;OBS-61a91d8c315460ac;OBS-2d719c1817459b6b,PASIG-20250721-1900;PASIG-20250721-2200;PASIG-20250721-2345,,not_observed,candidate_same_reported_place,not_established,not_established,false
TL-2978703902a8f4cc,PASIG-2026-AUG10-11,Pasig,Sta. Lucia,Metropolis Village 1,1,1,1,2026-08-10T00:30:00+08:00,2026-08-10T00:30:00+08:00,0.0,OBS-81ab665b1c361ef3,PASIG-20260810-0030,,not_observed,candidate_same_reported_place,not_established,not_established,false
TL-2a0161a1e252207c,PASIG-2021-JUL23-25-CANDIDATE,Pasig,Dela Paz,Karangalan Street,1,1,0,,,,OBS-f7367beee8be5758,RMN-20210725-MANDALUYONG-PASIG,,not_observed,uncertain_alias_or_cross_day_identity,not_established,not_established,false
TL-2b85df110e275db7,PASIG-2025-JUL21-25,Pasig,Ugong,"C. Santos 1-4, Brgy. Ugong",3,3,3,2025-07-21T19:00:00+08:00,2025-07-21T23:45:00+08:00,4.75,OBS-bef06f541890279d;OBS-71ca11be0cccaef7;OBS-b042a6b13c5ec73b,PASIG-20250721-1900;PASIG-20250721-2200;PASIG-20250721-2345,,not_observed,candidate_same_reported_place,not_established,not_established,false
TL-2d86116957a1ca8a,PASIG-2025-JUL21-25,Pasig,Manggahan,"Kabayanihan corner Karikitan, Karangalan Village, Brgy. Manggahan",2,2,2,2025-07-23T09:00:00+08:00,2025-07-23T17:00:00+08:00,8.0,OBS-a50d339eab66ef01;OBS-c1ab7cbdb9ba37e9,PASIG-20250723-0900;PASIG-20250723-1700,,not_observed,uncertain_alias_or_cross_day_identity,not_established,not_established,false
TL-2d970cca3949ccb5,PASIG-2026-AUG29-30,Pasig,Santolan,Doroteo St. Court,2,2,2,2026-08-29T22:30:00+08:00,2026-08-30T05:00:00+08:00,6.5,OBS-47ef1b36c72b9bdf;OBS-74c8fb587cf00f7f,PASIG-20260829-2230;PASIG-20260830-1100,INC-bb76aa1598b6b776,uncertain_summary_link,candidate_same_reported_place,not_established,not_established,false
TL-2e6e726ef07e1d48,PASIG-2026-AUG17-18,Pasig,Manggahan,Cape Town St,1,1,1,2026-08-17T20:30:00+08:00,2026-08-17T20:30:00+08:00,0.0,OBS-4e3abad4b0739e67,GMA-20260817-998778,,not_observed,candidate_same_reported_place,not_established,not_established,false
TL-2f1b73a45b145e1c,PASIG-2026-AUG17-18,Pasig,Palatiw,F. Soriano (all the way to Bolante),1,1,1,2026-08-17T20:30:00+08:00,2026-08-17T20:30:00+08:00,0.0,OBS-972d6972519e6c95,GMA-20260817-998778,,not_observed,candidate_same_reported_place,not_established,not_established,false
TL-34e17c48824a68be,PASIG-2026-AUG29-30,Pasig,Sta. Lucia,Calios Comp.,1,1,1,2026-08-29T20:30:00+08:00,2026-08-29T20:30:00+08:00,0.0,OBS-617398ae5261b346,PASIG-20260829-2030,,not_observed,candidate_same_reported_place,not_established,not_established,false
TL-34ee043fd3f20e74,PASIG-2025-JUL21-25,Pasig,Manggahan,"St. Joseph Metro Ville Subd., Felix Avenue Brgy. Manggahan",1,1,1,2025-07-23T17:00:00+08:00,2025-07-23T17:00:00+08:00,0.0,OBS-bf7df2347abe05b1,PASIG-20250723-1700,,not_observed,candidate_same_reported_place,not_established,not_established,false
TL-35e1e44e55b40dcd,PASIG-2021-JUL23-25-CANDIDATE,Pasig,Dela Paz,Kalusugan Stresst,1,1,0,,,,OBS-04c437340afc0fcf,RMN-20210725-MANDALUYONG-PASIG,,not_observed,uncertain_alias_or_cross_day_identity,not_established,not_established,false
TL-370d2c7977df8a8c,PASIG-2024-JUL24-25,Pasig,Pinagbuhatan,Urbano cor. Sandoval Brgy. Pinagbuhatan,1,1,1,2024-07-24T09:00:00+08:00,2024-07-24T09:00:00+08:00,0.0,OBS-b1903c26cd6ca8b9,PASIG-20240725-0400,,not_observed,candidate_same_reported_place,not_established,not_established,false
TL-38f442eeac84e48d,PASIG-2026-AUG29-30,Pasig,Santolan,Doroteo St. Ext.,2,2,2,2026-08-29T22:30:00+08:00,2026-08-30T05:00:00+08:00,6.5,OBS-76a2ac6b67b1e88a;OBS-f6990330739aabcc,PASIG-20260829-2230;PASIG-20260830-1100,INC-a5663456c0ee4d68,uncertain_summary_link,candidate_same_reported_place,not_established,not_established,false
TL-395f53f973742b48,NCR-2022-HENRY-HABAGAT,Pasig,,Julia Vargas,1,1,0,,,,OBS-f7db71171f0bb0f3,ONENEWS-20220904-HENRY,,not_observed,uncertain_alias_or_cross_day_identity,not_established,not_established,false
TL-3a962a5fa4c03da1,PASIG-2024-SEP02-03,Pasig,Santolan,"Tawiran, Brgy. Santolan",3,3,3,2024-09-02T10:30:00+08:00,2024-09-02T13:00:00+08:00,2.5,OBS-8eb71100f75a9e5d;OBS-9dbb1df8fc4703db;OBS-334be5b3e2a0bfba,PASIG-20240902-2100,,not_observed,candidate_same_reported_place,not_established,not_established,false
TL-3b35d644e8d238f4,PASIG-2026-AUG29-30,Pasig,Dela Paz,Kalakasan St.,1,1,1,2026-08-30T05:00:00+08:00,2026-08-30T05:00:00+08:00,0.0,OBS-bf3bea39927f5cfb,PASIG-20260830-1100,INC-25f397f2a2ad61de,uncertain_summary_link,candidate_same_reported_place,not_established,not_established,false
TL-3cb92b66ce44c62e,PASIG-2026-AUG17-18,Pasig,Manggahan,Infant Jesus St,3,3,3,2026-08-17T20:30:00+08:00,2026-08-18T04:30:00+08:00,8.0,OBS-571a4797bc5686c8;OBS-14e7b163523eaa80;OBS-d54d7f627a526a4b,GMA-20260817-998778;PASIG-20260818-0030;PASIG-20260818-0430,,not_observed,candidate_same_reported_place,not_established,not_established,false
TL-3e261493f3cd2ae5,PASIG-2024-SEP02-03,Pasig,Manggahan,"Infant Jesus St., Metroville, Brgy. Manggahan",3,3,3,2024-09-02T13:00:00+08:00,2024-09-02T15:00:00+08:00,2.0,OBS-8a1efc8b541c1a73;OBS-ccc3b99b5ddb6722;OBS-6983cf4080fb3282,PASIG-20240902-2100,,not_observed,candidate_same_reported_place,not_established,not_established,false
TL-3f58b1a506289992,PASIG-2026-AUG29-30,Pasig,Manggahan,Moscow,2,2,2,2026-08-29T20:30:00+08:00,2026-08-29T22:30:00+08:00,2.0,OBS-7d063578f934607b;OBS-440c06f7ffae64b3,PASIG-20260829-2030;PASIG-20260829-2230,,not_observed,candidate_same_reported_place,not_established,not_established,false
TL-40f9e4fcd12fb044,PASIG-2026-AUG29-30,Pasig,Santolan,Sgt.De Leon Mayana St.,3,3,3,2026-08-29T20:30:00+08:00,2026-08-30T05:00:00+08:00,8.5,OBS-9abb5505d1172e79;OBS-52f3c3e29ee61565;OBS-b9c5bb37940c401b,PASIG-20260829-2030;PASIG-20260829-2230;PASIG-20260830-1100,INC-b4f2a57eb8b42541,uncertain_summary_link,candidate_same_reported_place,not_established,not_established,false
TL-42e2ceb841b47695,PASIG-2026-AUG29-30,Pasig,Manggahan,Panama cor. Stockholm,2,2,2,2026-08-29T20:30:00+08:00,2026-08-29T22:30:00+08:00,2.0,OBS-4142f7a15aa8ad6b;OBS-3b7133df1d78e26b,PASIG-20260829-2030;PASIG-20260829-2230,,not_observed,candidate_same_reported_place,not_established,not_established,false
TL-449e1d9d96624822,PASIG-2026-AUG29-30,Pasig,Manggahan,"Kingstone St. cor Parish St., Greenpark",2,2,2,2026-08-29T20:30:00+08:00,2026-08-29T22:30:00+08:00,2.0,OBS-c52943314b6c1b63;OBS-f9c79020337403d9,PASIG-20260829-2030;PASIG-20260829-2230,,not_observed,candidate_same_reported_place,not_established,not_established,false
TL-466c60a4b4a2b056,PASIG-2026-AUG17-18,Pasig,Rosario,Rosario Blvd.,1,1,1,2026-08-17T20:30:00+08:00,2026-08-17T20:30:00+08:00,0.0,OBS-41531714711ee124,GMA-20260817-998778,,not_observed,candidate_same_reported_place,not_established,not_established,false
TL-476913efe7eef739,PASIG-2026-AUG29-30,Pasig,Manggahan,Magsaysay St. (near INC Church),2,2,2,2026-08-29T20:30:00+08:00,2026-08-29T22:30:00+08:00,2.0,OBS-a83ff8cb3f8b2efe;OBS-6149773b4430e7b9,PASIG-20260829-2030;PASIG-20260829-2230,,not_observed,candidate_same_reported_place,not_established,not_established,false
TL-48197883096c5efa,PASIG-2026-AUG17-18,Pasig,San Miguel,Eusebio Ave.,2,2,2,2026-08-17T20:30:00+08:00,2026-08-18T00:30:00+08:00,4.0,OBS-5150169f708d92e2;OBS-c36ef54b272fbc2e,GMA-20260817-998778;PASIG-20260818-0030,,not_observed,candidate_same_reported_place,not_established,not_established,false
TL-499fcd88fb253cfd,PASIG-2026-AUG29-30,Pasig,Santolan,Marcelino St.,3,3,3,2026-08-29T20:30:00+08:00,2026-08-30T05:00:00+08:00,8.5,OBS-99a5dd7b286ccad1;OBS-c2ccfe7b0c65c55d;OBS-e51fce6360b9b3be,PASIG-20260829-2030;PASIG-20260829-2230;PASIG-20260830-1100,INC-dc0e0a5fa3c71e94,uncertain_summary_link,candidate_same_reported_place,not_established,not_established,false
TL-49e75c0af8fe622b,PASIG-2024-JUL24-25,Pasig,Caniogan,C. Dela Paz St. Brgy. Caniogan,1,1,1,2024-07-24T09:00:00+08:00,2024-07-24T09:00:00+08:00,0.0,OBS-683da27bad289a8d,PASIG-20240725-0400,,not_observed,candidate_same_reported_place,not_established,not_established,false
TL-4bd9afaaba229571,PASIG-2026-AUG17-18,Pasig,Santolan,Rafael 3rd Street,2,2,2,2026-08-17T20:30:00+08:00,2026-08-18T00:30:00+08:00,4.0,OBS-ed707abee23f7da0;OBS-e633f9fe640238e0,GMA-20260817-998778;PASIG-20260818-0030,,not_observed,candidate_same_reported_place,not_established,not_established,false
TL-500c1b38378a59a6,PASIG-2025-JUL21-25,Pasig,Manggahan,"Stockholms, Brgy. Manggahan",3,3,3,2025-07-21T19:00:00+08:00,2025-07-21T23:45:00+08:00,4.75,OBS-f005712590561ebf;OBS-7dcc8d3137cb3970;OBS-69de9fb020cb84bf,PASIG-20250721-1900;PASIG-20250721-2200;PASIG-20250721-2345,,not_observed,candidate_same_reported_place,not_established,not_established,false
TL-51aa0fa556fdb4dc,PASIG-2026-AUG29-30,Pasig,Dela Paz,Santiago Katipiran cor. Yap Compound,3,3,3,2026-08-29T20:30:00+08:00,2026-08-30T05:00:00+08:00,8.5,OBS-dcc81cf66722c859;OBS-33c8cdb17b34d810;OBS-487c6f56317e33a0,PASIG-20260829-2030;PASIG-20260829-2230;PASIG-20260830-1100,INC-c6f004e00efab6ab,uncertain_summary_link,candidate_same_reported_place,not_established,not_established,false
TL-51b34648ee230e2f,PASIG-2026-AUG17-18,Pasig,San Miguel,Luis St,2,2,2,2026-08-17T20:30:00+08:00,2026-08-18T00:30:00+08:00,4.0,OBS-5c97b0100ef47cda;OBS-1281e7e138cca877,GMA-20260817-998778;PASIG-20260818-0030,,not_observed,candidate_same_reported_place,not_established,not_established,false
TL-525374d57277dbc5,PASIG-2026-AUG10-11,Pasig,Maybunga,"Block 6 Alley 8, Westbank Road Floodway",2,2,2,2026-08-10T00:30:00+08:00,2026-08-11T05:30:00+08:00,29.0,OBS-f41886e126a96c2a;OBS-e637689fb8869981,PASIG-20260810-0030;PASIG-20260811-0950,INC-76baf9638ad8b299,uncertain_summary_link,candidate_same_reported_place,not_established,not_established,false
TL-52e35c87a76c696a,PASIG-2026-AUG17-18,Pasig,Dela Paz,Katipiran C Yap Compound,4,4,4,2026-08-17T20:30:00+08:00,2026-08-18T12:00:00+08:00,15.5,OBS-0c7c4c55f74c9e02;OBS-095fb0ef8ba88921;OBS-2b0bfb8da09a2f5a;OBS-ca955cbf0a76b396,GMA-20260817-998778;PASIG-20260818-0030;PASIG-20260818-0430;PASIG-20260818-1200,INC-91d7a4b2ac3ef6be,uncertain_summary_link,candidate_same_reported_place,not_established,not_established,false
TL-52e66337b20a91b6,PASIG-2026-AUG29-30,Pasig,Sta. Lucia,Bagong Anyo St.,3,3,3,2026-08-29T20:30:00+08:00,2026-08-30T05:00:00+08:00,8.5,OBS-7b9b82f57fbe005f;OBS-b399b041f65b7c2f;OBS-38b5c5c0de3a6aac,PASIG-20260829-2030;PASIG-20260829-2230;PASIG-20260830-1100,INC-fd3d2e2025befa46,uncertain_summary_link,candidate_same_reported_place,not_established,not_established,false
TL-545f2ab69cb5066a,PASIG-2026-AUG17-18,Pasig,Sta. Lucia,DMA Morales New Society,2,2,2,2026-08-17T20:30:00+08:00,2026-08-18T00:30:00+08:00,4.0,OBS-28cc11f80eaf955d;OBS-bfa454718dc1ef01,GMA-20260817-998778;PASIG-20260818-0030,,not_observed,candidate_same_reported_place,not_established,not_established,false
TL-565b2ff73105a2a5,PASIG-2025-JUL21-25,Pasig,Manggahan,"Prague St., Brgy Manggahan",3,3,3,2025-07-21T19:00:00+08:00,2025-07-21T23:45:00+08:00,4.75,OBS-9323a249d0f86453;OBS-edffd7a41d55fc1f;OBS-df27866e3582db3b,PASIG-20250721-1900;PASIG-20250721-2200;PASIG-20250721-2345,,not_observed,candidate_same_reported_place,not_established,not_established,false
TL-56878e4fb7fd95c0,PASIG-2026-AUG29-30,Pasig,Pinagbuhatan,Acacia Gahit,1,1,1,2026-08-29T20:30:00+08:00,2026-08-29T20:30:00+08:00,0.0,OBS-a55c8f4051228428,PASIG-20260829-2030,,not_observed,candidate_same_reported_place,not_established,not_established,false
TL-56da05b707fc11b7,PASIG-2021-JUL23-25-CANDIDATE,Pasig,,Metroville,1,1,1,2021-07-23T06:00:00+08:00,2021-07-23T06:00:00+08:00,0.0,OBS-02e3f65a67acf4e4,GMA-20210723-796470,,not_observed,candidate_same_reported_place,not_established,not_established,false
TL-57f6fb1ba11bba72,PASIG-2026-AUG29-30,Pasig,Sta. Lucia,Rara St.,1,1,1,2026-08-29T20:30:00+08:00,2026-08-29T20:30:00+08:00,0.0,OBS-fa6659e81843e26f,PASIG-20260829-2030,,not_observed,candidate_same_reported_place,not_established,not_established,false
TL-59a86b37da48c185,PASIG-2025-JUL21-25,Pasig,Sta. Lucia,"Rosario 5&6, Brgy. Sta. Lucia",2,2,2,2025-07-21T22:00:00+08:00,2025-07-21T23:45:00+08:00,1.75,OBS-878186bfc50cd32d;OBS-564f827553810956,PASIG-20250721-2200;PASIG-20250721-2345,,not_observed,candidate_same_reported_place,not_established,not_established,false
TL-59bd02f7a8f37f44,PASIG-2026-AUG17-18,Pasig,San Miguel,Dr. Pilapil Purok 1 to 2,2,2,2,2026-08-17T20:30:00+08:00,2026-08-18T00:30:00+08:00,4.0,OBS-69743ee49a3d3aee;OBS-154534ca8550bcda,GMA-20260817-998778;PASIG-20260818-0030,,not_observed,candidate_same_reported_place,not_established,not_established,false
TL-5a78a1432204893a,PASIG-2026-AUG17-18,Pasig,San Miguel,Bliss LP,2,2,2,2026-08-17T20:30:00+08:00,2026-08-18T00:30:00+08:00,4.0,OBS-66d5369d55a4ca42;OBS-3e76fdc39a960683,GMA-20260817-998778;PASIG-20260818-0030,,not_observed,candidate_same_reported_place,not_established,not_established,false
TL-5c767dc29da45e0e,PASIG-2024-SEP02-03,Pasig,Manggahan,"Amsterdam corner Stockholm, Brgy. Manggahan",3,3,3,2024-09-02T10:30:00+08:00,2024-09-02T13:00:00+08:00,2.5,OBS-1a20fefcab15c4a9;OBS-8eee57e568cd77f9;OBS-5a0cd546fdc1853e,PASIG-20240902-2100,,not_observed,candidate_same_reported_place,not_established,not_established,false
TL-5e681ef2a68abbda,PASIG-2024-SEP02-03,Pasig,,"Infant Jesus St., Metroville, Brgy. Manggahan",1,1,1,2024-09-02T17:00:00+08:00,2024-09-02T17:00:00+08:00,0.0,OBS-fb23e7c13c450f13,GMA-20240902-918977,,not_observed,candidate_same_reported_place,not_established,not_established,false
TL-5ea11f9c32f8a8df,PASIG-2026-AUG29-30,Pasig,Dela Paz,Kalusugan St.,1,1,1,2026-08-30T05:00:00+08:00,2026-08-30T05:00:00+08:00,0.0,OBS-971b5b35579531cd,PASIG-20260830-1100,INC-da25aa924cb03505,uncertain_summary_link,candidate_same_reported_place,not_established,not_established,false
TL-5f667bfca5b22f20,PASIG-2026-AUG17-18,Pasig,Maybunga,Jenny's Ave (in front of RESPSCI),2,2,2,2026-08-17T20:30:00+08:00,2026-08-18T00:30:00+08:00,4.0,OBS-7516ec9b72990612;OBS-77a2fce36b3660c5,GMA-20260817-998778;PASIG-20260818-0030,,not_observed,candidate_same_reported_place,not_established,not_established,false
TL-5fa7caa20f79e2fc,PASIG-2025-JUL21-25,Pasig,Santolan,"Doroteo St., Brgy. Santolan",3,3,3,2025-07-21T19:00:00+08:00,2025-07-21T23:45:00+08:00,4.75,OBS-1d4b7d25a7cdc91a;OBS-2be45fa3d9219843;OBS-b0c6347af02d04bb,PASIG-20250721-1900;PASIG-20250721-2200;PASIG-20250721-2345,,not_observed,candidate_same_reported_place,not_established,not_established,false
TL-637b48ca7275fc5b,PASIG-2026-AUG29-30,Pasig,San Miguel,Sandoval Ave. (UNITOP),1,1,1,2026-08-29T20:30:00+08:00,2026-08-29T20:30:00+08:00,0.0,OBS-9e1e51cddc16771b,PASIG-20260829-2030,,not_observed,candidate_same_reported_place,not_established,not_established,false
TL-638c6a7b60d75736,PASIG-2026-AUG29-30,Pasig,Sta. Lucia,9th Ave. Riverside Village,1,1,1,2026-08-29T20:30:00+08:00,2026-08-29T20:30:00+08:00,0.0,OBS-45a2c9f4b09a1663,PASIG-20260829-2030,,not_observed,candidate_same_reported_place,not_established,not_established,false
TL-63a5f92c738829d2,PASIG-2025-JUL21-25,Pasig,Sumilang,"Purok 6, Brgy. Sumilang",2,2,2,2025-07-25T18:30:00+08:00,2025-07-25T20:30:00+08:00,2.0,OBS-15ee6e5de233ea7d;OBS-72d7ae1c5615d91d,PASIG-20250725-2330,,not_observed,candidate_same_reported_place,not_established,not_established,false
TL-65c68570a9e16f79,PASIG-2026-AUG10-11,Pasig,Sta. Lucia,Metropolis Village 2,1,1,1,2026-08-10T00:30:00+08:00,2026-08-10T00:30:00+08:00,0.0,OBS-0b54b00ec16f2802,PASIG-20260810-0030,,not_observed,candidate_same_reported_place,not_established,not_established,false
TL-66c2b1468c4f446d,PASIG-2024-SEP02-03,Pasig,Dela Paz,"Kabutihan street, Brgy. Dela Paz",1,1,1,2024-09-02T13:00:00+08:00,2024-09-02T13:00:00+08:00,0.0,OBS-de27a1bc6a692461,PASIG-20240902-2100,,not_observed,candidate_same_reported_place,not_established,not_established,false
TL-673cf89fe83b9e0c,PASIG-2026-AUG17-18,Pasig,Bagong Ilog,E. Mejia,1,1,1,2026-08-17T20:30:00+08:00,2026-08-17T20:30:00+08:00,0.0,OBS-0554751b6f33336d,GMA-20260817-998778,,not_observed,candidate_same_reported_place,not_established,not_established,false
TL-6872ad71d5f4e594,PASIG-2026-AUG17-18,Pasig,San Miguel,Lupang Pari,2,2,2,2026-08-17T20:30:00+08:00,2026-08-18T00:30:00+08:00,4.0,OBS-71e7c3d34a17b4e8;OBS-5c29bd008fcbdd4a,GMA-20260817-998778;PASIG-20260818-0030,,not_observed,candidate_same_reported_place,not_established,not_established,false
TL-68b976a97580d84d,PASIG-2025-JUL21-25,Pasig,San Miguel,"M. Eusebio Avenue, Brgy. San Miguel;M.Eusebio Avenue, Brgy. San Miguel",2,2,2,2025-07-23T08:00:00+08:00,2025-07-23T09:00:00+08:00,1.0,OBS-3975374ae73c57c5;OBS-22eb424ef418e485,PASIG-20250723-0900,,not_observed,candidate_same_reported_place,not_established,not_established,false
TL-6937011fbd6fabea,PASIG-2025-JUL21-25,Pasig,Maybunga,"Blk. 1 to 9, Alley 1 to 40, Westbank Floodway, Brgy. Maybunga",2,2,2,2025-07-23T08:00:00+08:00,2025-07-23T09:00:00+08:00,1.0,OBS-a89e862f04c333c3;OBS-67506f6cb148c643,PASIG-20250723-0900,,not_observed,candidate_same_reported_place,not_established,not_established,false
TL-694880cc27d8cf88,PASIG-2026-AUG29-30,Pasig,Manggahan,Kaginhawaan St. going to Felix Ave.,2,2,2,2026-08-29T20:30:00+08:00,2026-08-29T22:30:00+08:00,2.0,OBS-fad0d0668941907f;OBS-02ddcc95c26f6e4a,PASIG-20260829-2030;PASIG-20260829-2230,,not_observed,candidate_same_reported_place,not_established,not_established,false
TL-6982612ada584d69,PASIG-2026-AUG17-18,Pasig,San Miguel,JV Angles St.,2,2,2,2026-08-17T20:30:00+08:00,2026-08-18T00:30:00+08:00,4.0,OBS-bdbea47599b60a2b;OBS-b6d2b6c32af00dc4,GMA-20260817-998778;PASIG-20260818-0030,,not_observed,candidate_same_reported_place,not_established,not_established,false
TL-6e383b75ecac8868,NCR-2026-JUL10,Pasig,,Valle Verde VI,1,1,1,2026-07-10T14:50:00+08:00,2026-07-10T14:50:00+08:00,0.0,OBS-493d5828adea09ee,GMA-20260710-994434,,not_observed,candidate_same_reported_place,not_established,not_established,false
TL-6e427c57b8f7d6cd,PASIG-2025-JUL21-25,Pasig,Rosario,Dabba Brgy. Rosario (in front of SM East Ortigas),2,2,2,2025-07-23T08:00:00+08:00,2025-07-23T09:00:00+08:00,1.0,OBS-d451a589bbca5010;OBS-4f61e9720e7f0c10,PASIG-20250723-0900,,not_observed,candidate_same_reported_place,not_established,not_established,false
TL-70028bc70ee67925,PASIG-2025-JUL21-25,Pasig,Manggahan,"Kaginhawaan Gate 5, Brgy. Manggahan",1,1,1,2025-07-23T09:00:00+08:00,2025-07-23T09:00:00+08:00,0.0,OBS-dd6ec37ebc196926,PASIG-20250723-0900,,not_observed,candidate_same_reported_place,not_established,not_established,false
TL-70fc56fe9ec4915f,PASIG-2026-AUG17-18,Pasig,Manggahan,Melbourne St,1,1,1,2026-08-17T20:30:00+08:00,2026-08-17T20:30:00+08:00,0.0,OBS-bddcb5e7f93f4144,GMA-20260817-998778,,not_observed,candidate_same_reported_place,not_established,not_established,false
TL-715357b38ffd7336,PASIG-2026-AUG10-11,Pasig,Maybunga,"Block 4 Alley 8, Westbank Road Floodway",2,2,2,2026-08-10T00:30:00+08:00,2026-08-11T05:30:00+08:00,29.0,OBS-97cb45f1b7557e1a;OBS-1d40068f99d1d9fb,PASIG-20260810-0030;PASIG-20260811-0950,INC-661cac47841ad723,uncertain_summary_link,candidate_same_reported_place,not_established,not_established,false
TL-71fd8deb9fd6b66e,PASIG-2026-AUG29-30,Pasig,Maybunga,F. Legaspi St.,1,1,1,2026-08-29T20:30:00+08:00,2026-08-29T20:30:00+08:00,0.0,OBS-5ef38a2f688ef4e5,PASIG-20260829-2030,,not_observed,candidate_same_reported_place,not_established,not_established,false
TL-720ed10e8e0d04bd,PASIG-2026-AUG17-18,Pasig,Manggahan,Rome St,1,1,1,2026-08-17T20:30:00+08:00,2026-08-17T20:30:00+08:00,0.0,OBS-fb1d64ed0115db62,GMA-20260817-998778,,not_observed,candidate_same_reported_place,not_established,not_established,false
TL-721177e7d1bba685,PASIG-2026-AUG17-18,Pasig,Sta. Lucia,Rosario 6,1,1,1,2026-08-18T00:30:00+08:00,2026-08-18T00:30:00+08:00,0.0,OBS-f46a6d2c75b6e014,PASIG-20260818-0030,,not_observed,candidate_same_reported_place,not_established,not_established,false
TL-7658e476b1166816,PASIG-2021-JUL23-25-CANDIDATE,Pasig,,PSP Avenue,1,1,1,2021-07-23T06:00:00+08:00,2021-07-23T06:00:00+08:00,0.0,OBS-6a1981b90025e587,GMA-20210723-796470,,not_observed,candidate_same_reported_place,not_established,not_established,false
TL-7791b93db2d8102b,PASIG-2021-JUL23-25-CANDIDATE,Pasig,,St. Joseph,1,1,1,2021-07-23T06:00:00+08:00,2021-07-23T06:00:00+08:00,0.0,OBS-0c395afcfd5d0b83,GMA-20210723-796470,,not_observed,candidate_same_reported_place,not_established,not_established,false
TL-77dd9730c6c73f85,PASIG-2026-AUG17-18,Pasig,Sta. Lucia,Rosorio 5,1,1,1,2026-08-17T20:30:00+08:00,2026-08-17T20:30:00+08:00,0.0,OBS-ad84576838f2aeb6,GMA-20260817-998778,,not_observed,candidate_same_reported_place,not_established,not_established,false
TL-7864d38d93eb3d12,PASIG-2024-JUL24-25,Pasig,Malinao,G. Raymundo Brgy. Malinao,1,1,1,2024-07-24T09:00:00+08:00,2024-07-24T09:00:00+08:00,0.0,OBS-4e24b182790585e4,PASIG-20240725-0400,,not_observed,candidate_same_reported_place,not_established,not_established,false
TL-79591ad25bd568fd,PASIG-2024-JUL24-25,Pasig,Rosario,C.Raymundo Tramo - Brgy Rosario,1,1,1,2024-07-24T18:00:00+08:00,2024-07-24T18:00:00+08:00,0.0,OBS-efe4bf0e5d1e49fd,PASIG-20240725-0400,,not_observed,candidate_same_reported_place,not_established,not_established,false
TL-798b530e3df993e5,PASIG-2025-JUL21-25,Pasig,Sta. Lucia,"Callos Compound, Brgy. Sta.Lucia",3,3,3,2025-07-21T19:00:00+08:00,2025-07-21T23:45:00+08:00,4.75,OBS-76b019811a1ed746;OBS-1b24db45aeebcb03;OBS-5cefe485ad7edbf9,PASIG-20250721-1900;PASIG-20250721-2200;PASIG-20250721-2345,,not_observed,candidate_same_reported_place,not_established,not_established,false
TL-7a9ed642d55cb290,PASIG-2025-JUL21-25,Pasig,Sumilang,"Dos De Julio, Brgy. Sumilang",4,4,4,2025-07-25T18:30:00+08:00,2025-07-25T23:30:00+08:00,5.0,OBS-e0be5b5c397527ab;OBS-9f63859eaa1fc0f7;OBS-df11df5079d1e334;OBS-e2a01e7fef9548a9,PASIG-20250725-2330,,not_observed,candidate_same_reported_place,not_established,not_established,false
TL-7c1c40ce48648fad,PASIG-2026-AUG29-30,Pasig,Sta. Lucia,Bautista Comp.,3,3,3,2026-08-29T20:30:00+08:00,2026-08-30T05:00:00+08:00,8.5,OBS-b08aff59a14b2921;OBS-74603d8def2d5f7b;OBS-81fe55f5c0c26563,PASIG-20260829-2030;PASIG-20260829-2230;PASIG-20260830-1100,INC-f009390a130af3b9,uncertain_summary_link,candidate_same_reported_place,not_established,not_established,false
TL-7e5c6eab2ddabd8a,PASIG-2026-AUG17-18,Pasig,Manggahan,Kabayanihan St.,3,3,3,2026-08-17T20:30:00+08:00,2026-08-18T04:30:00+08:00,8.0,OBS-d802041c57ddc936;OBS-8aae0d61a82f274a;OBS-8ac52dad97127474,GMA-20260817-998778;PASIG-20260818-0030;PASIG-20260818-0430,,not_observed,candidate_same_reported_place,not_established,not_established,false
TL-8051a1d6ae013e09,PASIG-2026-AUG29-30,Pasig,Santolan,Gabriel St.,1,1,1,2026-08-29T20:30:00+08:00,2026-08-29T20:30:00+08:00,0.0,OBS-da48f9c4379cd7eb,PASIG-20260829-2030,,not_observed,candidate_same_reported_place,not_established,not_established,false
TL-815bd450e1d72349,PASIG-2026-AUG17-18,Pasig,Manggahan,F. Pasco Ave Metroville,3,3,3,2026-08-17T20:30:00+08:00,2026-08-18T04:30:00+08:00,8.0,OBS-5fea7598b3b16691;OBS-11b7d549df4c8297;OBS-e8b2f125feb9cf58,GMA-20260817-998778;PASIG-20260818-0030;PASIG-20260818-0430,,not_observed,candidate_same_reported_place,not_established,not_established,false
TL-84f7047432671b20,PASIG-2026-AUG29-30,Pasig,Manggahan,Villa Luz St. cor. St. Paul St.,2,2,2,2026-08-29T20:30:00+08:00,2026-08-29T22:30:00+08:00,2.0,OBS-213fe671e69861d8;OBS-87d5aee2b6f5c60e,PASIG-20260829-2030;PASIG-20260829-2230,,not_observed,candidate_same_reported_place,not_established,not_established,false
TL-878c4066d69bc799,PASIG-2025-JUL21-25,Pasig,Santolan,Masikap Brgy. Santolan.,3,3,3,2025-07-21T19:00:00+08:00,2025-07-21T23:45:00+08:00,4.75,OBS-b01c5d8bed28c58c;OBS-a47bb51a3d2b57e7;OBS-e5d421872d726acc,PASIG-20250721-1900;PASIG-20250721-2200;PASIG-20250721-2345,,not_observed,candidate_same_reported_place,not_established,not_established,false
TL-87e4d94523ac3ad5,PASIG-2026-AUG29-30,Pasig,Pinagbuhatan,"Molave Vila Maria, Nagpayong",1,1,1,2026-08-29T20:30:00+08:00,2026-08-29T20:30:00+08:00,0.0,OBS-e3a3e70608200c3f,PASIG-20260829-2030,,not_observed,candidate_same_reported_place,not_established,not_established,false
TL-8857b715c737cc4c,PASIG-2026-AUG10-11,Pasig,Maybunga,"Block 7 Alley 8, Westbank Road Floodway",2,2,2,2026-08-10T00:30:00+08:00,2026-08-11T05:30:00+08:00,29.0,OBS-19425ffb8137a78e;OBS-3fc2f781610b5d37,PASIG-20260810-0030;PASIG-20260811-0950,INC-4bf5cd257f6ebdab,uncertain_summary_link,candidate_same_reported_place,not_established,not_established,false
TL-88fa198645aa82c0,PASIG-2026-AUG17-18,Pasig,Sta. Cruz,Purok 6 Capt. Ato,1,1,1,2026-08-17T20:30:00+08:00,2026-08-17T20:30:00+08:00,0.0,OBS-71191bbef4b308bc,GMA-20260817-998778,,not_observed,candidate_same_reported_place,not_established,not_established,false
TL-8ac08f6203705360,PASIG-2026-AUG29-30,Pasig,Manggahan,Metroville Pedro S. Pasco Ave.,2,2,2,2026-08-29T20:30:00+08:00,2026-08-29T22:30:00+08:00,2.0,OBS-6242091a148555b2;OBS-7ed929e634d83fdd,PASIG-20260829-2030;PASIG-20260829-2230,,not_observed,candidate_same_reported_place,not_established,not_established,false
TL-8c6dd7ab577005d5,PASIG-2025-JUL21-25,Pasig,Sumilang,"Magtanggol St., Brgy. Sumilang",4,4,4,2025-07-25T18:30:00+08:00,2025-07-25T23:30:00+08:00,5.0,OBS-40cf10db436496d0;OBS-c5ced1b3960bb8a6;OBS-5d83a861288edeb2;OBS-34b07eca464a22d0,PASIG-20250725-2330,,not_observed,candidate_same_reported_place,not_established,not_established,false
TL-8d7aa485fa901f6b,PASIG-2026-AUG29-30,Pasig,Santolan,Sgt. De Leon Natasha St.,2,2,2,2026-08-29T20:30:00+08:00,2026-08-30T05:00:00+08:00,8.5,OBS-f1530ea1b5f35efe;OBS-b0807d99fa79ac61,PASIG-20260829-2030;PASIG-20260830-1100,INC-e7d366b36c0fb720,uncertain_summary_link,candidate_same_reported_place,not_established,not_established,false
TL-8e502e6653c3fbb7,PASIG-2025-JUL21-25,Pasig,Santolan,"Victorino St., Brgy. Santolan",3,3,3,2025-07-21T19:00:00+08:00,2025-07-21T23:45:00+08:00,4.75,OBS-429249c0a431cbd8;OBS-5884b758ead48333;OBS-d1884c54bbf9ab45,PASIG-20250721-1900;PASIG-20250721-2200;PASIG-20250721-2345,,not_observed,candidate_same_reported_place,not_established,not_established,false
TL-8ee8166b5f25f904,PASIG-2025-JUL21-25,Pasig,Manggahan,"Paris St. cor Soliven Ave., Brgy Manggahan",3,3,3,2025-07-21T19:00:00+08:00,2025-07-21T23:45:00+08:00,4.75,OBS-da6bc0ec73f91580;OBS-a3266af963571cc0;OBS-98de09913ecded9b,PASIG-20250721-1900;PASIG-20250721-2200;PASIG-20250721-2345,,not_observed,candidate_same_reported_place,not_established,not_established,false
TL-8f723f8191d48d93,PASIG-2026-AUG17-18,Pasig,Manggahan,Karikitan St.,3,3,3,2026-08-17T20:30:00+08:00,2026-08-18T04:30:00+08:00,8.0,OBS-b1d226fe3c25c508;OBS-7441487b5b6ccbbc;OBS-39c2550d7f3bc97b,GMA-20260817-998778;PASIG-20260818-0030;PASIG-20260818-0430,,not_observed,candidate_same_reported_place,not_established,not_established,false
TL-915bf559d3636422,PASIG-2025-JUL21-25,Pasig,Santolan,"Marcelino St. (Tawiran), Brgy. Santolan",3,3,3,2025-07-21T19:00:00+08:00,2025-07-21T23:45:00+08:00,4.75,OBS-2826480496045767;OBS-dbe75dc020a6d0ec;OBS-a6f0bd685de2e376,PASIG-20250721-1900;PASIG-20250721-2200;PASIG-20250721-2345,,not_observed,candidate_same_reported_place,not_established,not_established,false
TL-916dcfe05df7535e,PASIG-2026-AUG10-11,Pasig,Maybunga,"Block 5 Alley 8, Westbank Road Floodway",2,2,2,2026-08-10T00:30:00+08:00,2026-08-11T05:30:00+08:00,29.0,OBS-89bf4798fa270f3f;OBS-25a3818052372e45,PASIG-20260810-0030;PASIG-20260811-0950,INC-f1f10563ab38aee7,uncertain_summary_link,candidate_same_reported_place,not_established,not_established,false
TL-9197c343d9adc042,PASIG-2021-JUL23-25-CANDIDATE,Pasig,,Kalusugan de la paz,1,1,1,2021-07-25T12:00:00+08:00,2021-07-25T12:00:00+08:00,0.0,OBS-8dce85ed0ae538fd,GMA-20210725-796691,,not_observed,candidate_same_reported_place,not_established,not_established,false
TL-91c918d54f755947,PASIG-2026-AUG29-30,Pasig,Manggahan,Rome St.,2,2,2,2026-08-29T20:30:00+08:00,2026-08-29T22:30:00+08:00,2.0,OBS-ef45640a6c19fb46;OBS-f47cddde43ac8cbc,PASIG-20260829-2030;PASIG-20260829-2230,,not_observed,candidate_same_reported_place,not_established,not_established,false
TL-9274a834cf4f5614,PASIG-2025-JUL21-25,Pasig,Dela Paz,"Karangalan Phase 2 A Brgy. Dela Paz;Karangalan Phase 2 A, Brgy. Dela Paz",7,6,6,2025-07-21T19:00:00+08:00,2025-07-23T17:00:00+08:00,46.0,OBS-7b67a36aafc7cc99;OBS-a69a15308434af2c;OBS-e9487f2e1d42e28c;OBS-54491d6eb57fe7a2;OBS-1563dc1e5397ea87;OBS-b3265151318ff4f7;OBS-8794485b381db443,PASIG-20250721-1900;PASIG-20250721-2200;PASIG-20250721-2345;PASIG-20250723-0900;PASIG-20250723-1700,,not_observed,candidate_same_reported_place,not_established,not_established,false
TL-945b4d46941ea0a1,PASIG-2026-AUG17-18,Pasig,Sta. Lucia,Liamzon,1,1,1,2026-08-17T20:30:00+08:00,2026-08-17T20:30:00+08:00,0.0,OBS-ba44618d9e1d0b09,GMA-20260817-998778,,not_observed,candidate_same_reported_place,not_established,not_established,false
TL-971f905062066295,PASIG-2026-AUG29-30,Pasig,Dela Paz,Kabutihan St.,3,3,3,2026-08-29T20:30:00+08:00,2026-08-30T05:00:00+08:00,8.5,OBS-eeda5b4991aa2de9;OBS-0db2f25490e76200;OBS-e7867df23e58f800,PASIG-20260829-2030;PASIG-20260829-2230;PASIG-20260830-1100,INC-ea0b17dc6abd3ef4,uncertain_summary_link,candidate_same_reported_place,not_established,not_established,false
TL-973c7fa1c33fa53a,NCR-2026-JUL10,Pasig,,C5 Ortigas Valle Verde 6,1,1,1,2026-07-10T14:50:00+08:00,2026-07-10T14:50:00+08:00,0.0,OBS-dfa46984d7886e0a,GMA-20260710-994434,,not_observed,candidate_same_reported_place,not_established,not_established,false
TL-97555382468a77bb,PASIG-2024-JUL24-25,Pasig,Manggahan,"Gate 5 Karangalan Village;Gate 5 Karangalan Village - Brgy. Manggahan;Gate 5 Karangalan Village - Brgy.Manggahan;Gate 5 Karangalan Village Brgy. Manggahan;Gate 5 Karangalan Village Brgy.Manggahan;Gate 5 Karangalan Village, Brgy. Manggahan",13,13,13,2024-07-24T14:00:00+08:00,2024-07-25T17:00:00+08:00,27.0,OBS-04ad92b0fa840882;OBS-508fd6455f85fd30;OBS-66415499d7c746f3;OBS-297a3793f3a9874d;OBS-84b173addf137fec;OBS-6451f55562ba04d5;OBS-eb7621e6fd9a3ab1;OBS-dd020d8cb557c0a1;OBS-5784b0e5ba736591;OBS-6a2289c5f796dcc4;OBS-48d70bc4814a90ee;OBS-a0cd1705c784535a;OBS-201f5bb58bc7082c,PASIG-20240725-0400;PASIG-20240725-1700,,not_observed,candidate_same_reported_place,not_established,not_established,false
TL-97a99272f55c8ae8,PASIG-2025-JUL21-25,Pasig,Santolan,"Masikap St. Bangkaan (Tawiran), Brgy. Santolan",3,3,3,2025-07-21T19:00:00+08:00,2025-07-21T23:45:00+08:00,4.75,OBS-75e3631bb14a773b;OBS-e4ce14003c5325d0;OBS-cf72099c4b83dacc,PASIG-20250721-1900;PASIG-20250721-2200;PASIG-20250721-2345,,not_observed,candidate_same_reported_place,not_established,not_established,false
TL-97f627cd0e028da4,PASIG-2026-AUG29-30,Pasig,Santolan,Gabriel Ext.,2,2,2,2026-08-29T22:30:00+08:00,2026-08-30T05:00:00+08:00,6.5,OBS-1b7230788bc3a39c;OBS-bc1de76ca9a186c4,PASIG-20260829-2230;PASIG-20260830-1100,INC-295625e57bd95417,uncertain_summary_link,candidate_same_reported_place,not_established,not_established,false
TL-9bfbd96c9cbfccb7,PASIG-2025-JUL21-25,Pasig,Bagong Ilog,"Sgt. Pascua St., Tawiran, Brgy. Bagong Ilog",3,3,3,2025-07-25T20:30:00+08:00,2025-07-25T23:30:00+08:00,3.0,OBS-c34db11e8e26600d;OBS-b67d22f589292a23;OBS-713d35da3e1cbdb7,PASIG-20250725-2330,,not_observed,candidate_same_reported_place,not_established,not_established,false
TL-9d9aaa2f18717ab6,PASIG-2026-AUG29-30,Pasig,Pinagbuhatan,"Jupiter St., Nagpayong",2,2,2,2026-08-29T20:30:00+08:00,2026-08-29T22:30:00+08:00,2.0,OBS-e1931b6b0eb1001b;OBS-b86b2fcab539335f,PASIG-20260829-2030;PASIG-20260829-2230,,not_observed,candidate_same_reported_place,not_established,not_established,false
TL-9ed40e0e39c43b65,PASIG-2026-AUG10-11,Pasig,Maybunga,"Block 8 Alley 8, Westbank Road Floodway",2,2,2,2026-08-10T00:30:00+08:00,2026-08-11T05:30:00+08:00,29.0,OBS-5700995d9986365f;OBS-9b27784b739e6111,PASIG-20260810-0030;PASIG-20260811-0950,INC-2a34388f79b098d6,uncertain_summary_link,candidate_same_reported_place,not_established,not_established,false
TL-a0d054abaca07555,PASIG-2026-AUG17-18,Pasig,Manggahan,San Salvador St,1,1,1,2026-08-17T20:30:00+08:00,2026-08-17T20:30:00+08:00,0.0,OBS-f421a7dbfb5e17bd,GMA-20260817-998778,,not_observed,candidate_same_reported_place,not_established,not_established,false
TL-a108db90559a70ec,PASIG-2026-AUG29-30,Pasig,Santolan,Rafael Rd 3,3,3,3,2026-08-29T20:30:00+08:00,2026-08-30T05:00:00+08:00,8.5,OBS-7ff6462419b95ce9;OBS-299ee63370b2fbfd;OBS-c93a6383b8b89b21,PASIG-20260829-2030;PASIG-20260829-2230;PASIG-20260830-1100,INC-2395500d7b0d8dcf,uncertain_summary_link,candidate_same_reported_place,not_established,not_established,false
TL-a22f98840a59d737,PASIG-2026-AUG10-11,Pasig,Sta. Lucia,Bautista Compound,1,1,1,2026-08-10T00:30:00+08:00,2026-08-10T00:30:00+08:00,0.0,OBS-975cdbec717681d9,PASIG-20260810-0030,,not_observed,candidate_same_reported_place,not_established,not_established,false
TL-a2fc2eb8432d52c3,PASIG-2026-AUG17-18,Pasig,Bagong Ilog,Canley Road St.,1,1,1,2026-08-17T20:30:00+08:00,2026-08-17T20:30:00+08:00,0.0,OBS-5ef6770e7aa76157,GMA-20260817-998778,,not_observed,candidate_same_reported_place,not_established,not_established,false
TL-a32013d5e8ae7583,PASIG-2026-AUG17-18,Pasig,Manggahan,Katiyagaan St.,3,3,3,2026-08-17T20:30:00+08:00,2026-08-18T04:30:00+08:00,8.0,OBS-e3d7270778c53eec;OBS-d3038b5c313afe92;OBS-c98cec2d054985dc,GMA-20260817-998778;PASIG-20260818-0030;PASIG-20260818-0430,,not_observed,candidate_same_reported_place,not_established,not_established,false
TL-a39f01d41f9ebcb2,PASIG-2026-AUG17-18,Pasig,Bagong Ilog,Lanite St.,1,1,1,2026-08-17T20:30:00+08:00,2026-08-17T20:30:00+08:00,0.0,OBS-2c5d90329491e205,GMA-20260817-998778,,not_observed,candidate_same_reported_place,not_established,not_established,false
TL-a3f81c0187bd26ed,PASIG-2026-AUG29-30,Pasig,Pinagbuhatan,Caliwag St.,1,1,1,2026-08-29T20:30:00+08:00,2026-08-29T20:30:00+08:00,0.0,OBS-1f801b5fe3e3539d,PASIG-20260829-2030,,not_observed,candidate_same_reported_place,not_established,not_established,false
TL-a7cecea07d72d9ef,PASIG-2026-AUG17-18,Pasig,Sta. Lucia,Bagong Anyo St.,1,1,1,2026-08-17T20:30:00+08:00,2026-08-17T20:30:00+08:00,0.0,OBS-1c80ed2539e55a46,GMA-20260817-998778,,not_observed,candidate_same_reported_place,not_established,not_established,false
TL-a7f3dca81a8d6a76,PASIG-2026-AUG29-30,Pasig,Manggahan,Belfast St.,2,2,2,2026-08-29T20:30:00+08:00,2026-08-29T22:30:00+08:00,2.0,OBS-5ba6cdf069989975;OBS-8dd152706a6cdde9,PASIG-20260829-2030;PASIG-20260829-2230,,not_observed,candidate_same_reported_place,not_established,not_established,false
TL-ab0a4208a1b259a5,PASIG-2024-SEP02-03,Pasig,,"Kabutihan St, Brgy. Dela Paz",1,1,1,2024-09-02T17:00:00+08:00,2024-09-02T17:00:00+08:00,0.0,OBS-b17303cc873095f3,GMA-20240902-918977,,not_observed,candidate_same_reported_place,not_established,not_established,false
TL-ab1b105d9f96f84a,PASIG-2026-AUG17-18,Pasig,San Miguel,Market Ave to Chinese School,2,2,2,2026-08-17T20:30:00+08:00,2026-08-18T00:30:00+08:00,4.0,OBS-1e0dbbd05a135b01;OBS-0cd7ea7a253d73df,GMA-20260817-998778;PASIG-20260818-0030,,not_observed,candidate_same_reported_place,not_established,not_established,false
TL-ac31918f9ee42108,PASIG-2025-JUL21-25,Pasig,Manggahan,"Lower Dike, Brgy. Manggahan",3,3,3,2025-07-21T19:00:00+08:00,2025-07-21T23:45:00+08:00,4.75,OBS-be3207eeaf3d28e8;OBS-73782b3335913a1e;OBS-6b39951821c8661e,PASIG-20250721-1900;PASIG-20250721-2200;PASIG-20250721-2345,,not_observed,candidate_same_reported_place,not_established,not_established,false
TL-ad9b2777546bc8e3,PASIG-2024-SEP02-03,Pasig,Dela Paz,"Kabutihan St, Brgy. Dela Paz;Kabutihan St., Brgy. Dela Paz",4,4,4,2024-09-02T10:30:00+08:00,2024-09-02T15:00:00+08:00,4.5,OBS-b28a173c2c6ed0d3;OBS-1e2015b221abf546;OBS-5694ed4c6d51406e;OBS-2832dc9cc96b24f1,PASIG-20240902-2100,,not_observed,candidate_same_reported_place,not_established,not_established,false
TL-ae8583f743984ac5,PASIG-2024-JUL24-25,Pasig,Maybunga,F. Legaspi (Rainforest) - Brgy. Maybunga;F.Legaspi (Rainforest) - Brgy. Maybunga;F.Legaspi (Rainforest) Brgy. Maybunga,7,7,7,2024-07-24T09:00:00+08:00,2024-07-24T20:00:00+08:00,11.0,OBS-2f6873e8e89d4a2e;OBS-49bd5b6e8c8d1f27;OBS-652895e7eb009ebf;OBS-1b7c0ad8e8117629;OBS-080830d4ac150bf9;OBS-c6c18403a7f4fae3;OBS-6f2d3f6ed59fb09c,PASIG-20240725-0400,,not_observed,candidate_same_reported_place,not_established,not_established,false
TL-aef8c8d2730b8d4b,PASIG-2026-AUG17-18,Pasig,Manggahan,Iglesia going to Greenpark St.,1,1,1,2026-08-17T20:30:00+08:00,2026-08-17T20:30:00+08:00,0.0,OBS-5a58036dc6db9745,GMA-20260817-998778,,not_observed,candidate_same_reported_place,not_established,not_established,false
TL-aefcaac584ec3cef,PASIG-2025-JUL21-25,Pasig,Manggahan,"Panama St cor Stockholm, Brgy. Manggahan",3,3,3,2025-07-21T19:00:00+08:00,2025-07-21T23:45:00+08:00,4.75,OBS-f3f7be20ad3782b5;OBS-89ef91972acf0211;OBS-ff3dd8fecc671e32,PASIG-20250721-1900;PASIG-20250721-2200;PASIG-20250721-2345,,not_observed,candidate_same_reported_place,not_established,not_established,false
TL-afad673bcc823874,PASIG-2026-AUG17-18,Pasig,Pinagbuhatan,Urbano Velasco cor. Esguerra,1,1,1,2026-08-17T20:30:00+08:00,2026-08-17T20:30:00+08:00,0.0,OBS-95176c78913b64dd,GMA-20260817-998778,,not_observed,candidate_same_reported_place,not_established,not_established,false
TL-b1be8bf82d292f4a,PASIG-2026-AUG29-30,Pasig,Santolan,Doroteo St. Villa,2,2,2,2026-08-29T22:30:00+08:00,2026-08-30T05:00:00+08:00,6.5,OBS-8f33ab3ffdc0200e;OBS-713569c75a4211c5,PASIG-20260829-2230;PASIG-20260830-1100,INC-87ac61acbb60b99d,uncertain_summary_link,candidate_same_reported_place,not_established,not_established,false
TL-b1d053a6bf717037,PASIG-2026-AUG29-30,Pasig,Sta. Lucia,Tawi-tawi St.,3,3,3,2026-08-29T20:30:00+08:00,2026-08-30T05:00:00+08:00,8.5,OBS-7226996ce7a4460f;OBS-72e049aa936c7bed;OBS-db4c806da0405db1,PASIG-20260829-2030;PASIG-20260829-2230;PASIG-20260830-1100,INC-9844de12e0995842,uncertain_summary_link,candidate_same_reported_place,not_established,not_established,false
TL-b4f10b7b2b06af7e,PASIG-2026-AUG17-18,Pasig,Sta. Lucia,Hugo Compound (Dulo ng Tawi-Tawi),1,1,1,2026-08-17T20:30:00+08:00,2026-08-17T20:30:00+08:00,0.0,OBS-88b6853912ac6c8e,GMA-20260817-998778,,not_observed,candidate_same_reported_place,not_established,not_established,false
TL-b60e119da731dbab,PASIG-2026-AUG29-30,Pasig,Sta. Lucia,Morales Compound,3,3,3,2026-08-29T20:30:00+08:00,2026-08-30T05:00:00+08:00,8.5,OBS-cec95dbf8aaff41e;OBS-12d9c893225eb299;OBS-6184e265fea16fdb,PASIG-20260829-2030;PASIG-20260829-2230;PASIG-20260830-1100,INC-6630dd9772b374e2,uncertain_summary_link,candidate_same_reported_place,not_established,not_established,false
TL-b6d8f8b779c7d3b7,PASIG-2026-AUG10-11,Pasig,Sta. Lucia,Morales Compound,1,1,1,2026-08-10T00:30:00+08:00,2026-08-10T00:30:00+08:00,0.0,OBS-69fb5b4549125180,PASIG-20260810-0030,,not_observed,candidate_same_reported_place,not_established,not_established,false
TL-b7e8dc0fca5d44e7,PASIG-2026-AUG29-30,Pasig,Sta. Lucia,Liamzon Subd.,3,3,3,2026-08-29T20:30:00+08:00,2026-08-30T05:00:00+08:00,8.5,OBS-68e1436994348314;OBS-3e6130d586655cc7;OBS-57ed94777a9c8537,PASIG-20260829-2030;PASIG-20260829-2230;PASIG-20260830-1100,INC-d4fdb60969af9890,uncertain_summary_link,candidate_same_reported_place,not_established,not_established,false
TL-b7ecf786b649428a,PASIG-2026-AUG29-30,Pasig,Santolan,Masikap St.,3,3,3,2026-08-29T20:30:00+08:00,2026-08-30T05:00:00+08:00,8.5,OBS-281a4396519aa6eb;OBS-04ee59ef9abfbaed;OBS-faf0f9e6b551e28f,PASIG-20260829-2030;PASIG-20260829-2230;PASIG-20260830-1100,INC-b721796bf2989553,uncertain_summary_link,candidate_same_reported_place,not_established,not_established,false
TL-b81a7a466ff130ba,PASIG-2025-JUL21-25,Pasig,Manggahan,"2nd Street, Trinidad Homes, Brgy. Manggahan",1,1,1,2025-07-23T09:00:00+08:00,2025-07-23T09:00:00+08:00,0.0,OBS-a7143827b25c0a07,PASIG-20250723-0900,,not_observed,candidate_same_reported_place,not_established,not_established,false
TL-b950ef1649ffac4a,PASIG-2025-JUL21-25,Pasig,Sta. Lucia,"Hawk St., Metro Green Village, Brgy. Sta. Lucia",1,1,1,2025-07-21T23:45:00+08:00,2025-07-21T23:45:00+08:00,0.0,OBS-0ee953530e5ad73f,PASIG-20250721-2345,,not_observed,candidate_same_reported_place,not_established,not_established,false
TL-bcf9fbeb16f2b839,PASIG-2025-JUL21-25,Pasig,Sumilang,"Katwiran St., Brgy. Sumilang",4,4,4,2025-07-25T18:30:00+08:00,2025-07-25T23:30:00+08:00,5.0,OBS-ef5d6fd264e72320;OBS-e27463d641bb793a;OBS-b28e87c7fad7bdf3;OBS-0f98b33dc3999445,PASIG-20250725-2330,,not_observed,candidate_same_reported_place,not_established,not_established,false
TL-c1aea3df4179158c,PASIG-2026-AUG17-18,Pasig,Bagong Ilog,Felipe Pike St.,1,1,1,2026-08-17T20:30:00+08:00,2026-08-17T20:30:00+08:00,0.0,OBS-77365c8b5f4f7fed,GMA-20260817-998778,,not_observed,candidate_same_reported_place,not_established,not_established,false
TL-c22565191ee4c269,PASIG-2025-JUL21-25,Pasig,Sta. Lucia,"Bautista Compound, Brgy. Sta. Lucia",3,3,3,2025-07-21T19:00:00+08:00,2025-07-21T23:45:00+08:00,4.75,OBS-506b1af3450dd3af;OBS-21fa2e069fcd429b;OBS-2da90874baa26472,PASIG-20250721-1900;PASIG-20250721-2200;PASIG-20250721-2345,,not_observed,candidate_same_reported_place,not_established,not_established,false
TL-c2d786461e95a0b1,PASIG-2025-JUL21-25,Pasig,Rosario,"Paraluman St. Dabba, Brgy. Rosario",1,1,1,2025-07-23T17:00:00+08:00,2025-07-23T17:00:00+08:00,0.0,OBS-eeb93c8ec9ce9cce,PASIG-20250723-1700,,not_observed,candidate_same_reported_place,not_established,not_established,false
TL-c34353e3e35d05e5,PASIG-2026-AUG17-18,Pasig,Palatiw,E. Santos (Verbum),1,1,1,2026-08-17T20:30:00+08:00,2026-08-17T20:30:00+08:00,0.0,OBS-c6523e52514cff43,GMA-20260817-998778,,not_observed,candidate_same_reported_place,not_established,not_established,false
TL-c58ea57ccc5a8f34,PASIG-2026-AUG17-18,Pasig,Sta. Lucia,Rosario 5,1,1,1,2026-08-18T00:30:00+08:00,2026-08-18T00:30:00+08:00,0.0,OBS-1f19fa53eb41ca05,PASIG-20260818-0030,,not_observed,candidate_same_reported_place,not_established,not_established,false
TL-c6d1e6169fe18bb5,PASIG-2026-AUG17-18,Pasig,San Miguel,Avocado St.,2,2,2,2026-08-17T20:30:00+08:00,2026-08-18T00:30:00+08:00,4.0,OBS-6cdfdf9e0797ebe2;OBS-7d636223aa758b4b,GMA-20260817-998778;PASIG-20260818-0030,,not_observed,candidate_same_reported_place,not_established,not_established,false
TL-cbbbe28bee09f113,PASIG-2024-SEP02-03,Pasig,Maybunga,"F. Legaspi (Maybunga Rainforest Park), Brgy. Maybunga",2,2,2,2024-09-02T10:30:00+08:00,2024-09-02T11:30:00+08:00,1.0,OBS-053736b8b63c4228;OBS-15b893cbb93e5baa,PASIG-20240902-2100,,not_observed,candidate_same_reported_place,not_established,not_established,false
TL-cd23d990d28078b1,PASIG-2026-AUG17-18,Pasig,Sta. Lucia,Riverside,2,2,2,2026-08-17T20:30:00+08:00,2026-08-18T00:30:00+08:00,4.0,OBS-faefac48e8d0e65c;OBS-56591304e08245f7,GMA-20260817-998778;PASIG-20260818-0030,,not_observed,candidate_same_reported_place,not_established,not_established,false
TL-ce6e9e9bcdc048f7,PASIG-2025-JUL21-25,Pasig,Santolan,"Rafael St., Brgy. Santolan",3,3,3,2025-07-21T19:00:00+08:00,2025-07-21T23:45:00+08:00,4.75,OBS-9eec8d088f1dd784;OBS-c85584ab95ded50c;OBS-ce9afe59b3ca842a,PASIG-20250721-1900;PASIG-20250721-2200;PASIG-20250721-2345,,not_observed,candidate_same_reported_place,not_established,not_established,false
TL-cf0e038045238189,PASIG-2025-JUL21-25,Pasig,Sta. Lucia,"Champaca St., Brgy. Sta. Lucia",2,2,2,2025-07-21T22:00:00+08:00,2025-07-21T23:45:00+08:00,1.75,OBS-928b6dc7517fcf2b;OBS-d54b20ecb3ba01de,PASIG-20250721-2200;PASIG-20250721-2345,,not_observed,candidate_same_reported_place,not_established,not_established,false
TL-cffd34ff6493cef2,PASIG-2026-AUG29-30,Pasig,Manggahan,Kabayanihan St.,2,2,2,2026-08-29T20:30:00+08:00,2026-08-29T22:30:00+08:00,2.0,OBS-2780069cd5916ebb;OBS-31cac35d3c82127e,PASIG-20260829-2030;PASIG-20260829-2230,,not_observed,candidate_same_reported_place,not_established,not_established,false
TL-d17d2179af1222cc,PASIG-2026-AUG17-18,Pasig,Maybunga,Damayan Homes,2,2,2,2026-08-17T20:30:00+08:00,2026-08-18T00:30:00+08:00,4.0,OBS-6f784d1eccc27394;OBS-e4a509079ba1c733,GMA-20260817-998778;PASIG-20260818-0030,,not_observed,candidate_same_reported_place,not_established,not_established,false
TL-d182009c6ea46b4d,PASIG-2024-SEP02-03,Pasig,,"Karangalan Gate 1 to Gate 5, Brgy. Manggahan",1,1,1,2024-09-02T17:00:00+08:00,2024-09-02T17:00:00+08:00,0.0,OBS-e14650e2e8196c0e,GMA-20240902-918977,,not_observed,candidate_same_reported_place,not_established,not_established,false
TL-d2b62134b17a3c3b,PASIG-2024-SEP02-03,Pasig,Manggahan,"Amsterdam cor. Stockholm, Brgy. Manggahan",2,2,2,2024-09-02T14:00:00+08:00,2024-09-02T15:00:00+08:00,1.0,OBS-f4c393f63d90adf1;OBS-a27238a20e523e26,PASIG-20240902-2100,,not_observed,candidate_same_reported_place,not_established,not_established,false
TL-d3122e85fec3ef7e,PASIG-2026-AUG29-30,Pasig,Manggahan,"Metroville Subd., Karangalan",2,2,2,2026-08-29T20:30:00+08:00,2026-08-29T22:30:00+08:00,2.0,OBS-760ddb4b0bbb42b7;OBS-7580c0b7733fff5e,PASIG-20260829-2030;PASIG-20260829-2230,,not_observed,candidate_same_reported_place,not_established,not_established,false
TL-d486d247801eb7df,PASIG-2024-JUL24-25,Pasig,Sta. Lucia,"Ortigas Extn., Brgy. Sta Lucia (in front of SM East Ortigas)",1,1,1,2024-07-25T10:00:00+08:00,2024-07-25T10:00:00+08:00,0.0,OBS-3fdd78dc5715c465,PASIG-20240725-1700,,not_observed,candidate_same_reported_place,not_established,not_established,false
TL-d5a29f9c0962e8b6,PASIG-2026-AUG29-30,Pasig,Manggahan,Soliven cor. Prague,2,2,2,2026-08-29T20:30:00+08:00,2026-08-29T22:30:00+08:00,2.0,OBS-38ef84b31bde5630;OBS-c758b35f15734624,PASIG-20260829-2030;PASIG-20260829-2230,,not_observed,candidate_same_reported_place,not_established,not_established,false
TL-d64ab6b1ae95cbb8,PASIG-2025-JUL21-25,Pasig,Manggahan,"Panama St., Brgy. Manggahan",3,3,3,2025-07-21T19:00:00+08:00,2025-07-21T23:45:00+08:00,4.75,OBS-f83aaee608b8e3d4;OBS-6b7c802a9adc3dba;OBS-ab0dcaf6981a2181,PASIG-20250721-1900;PASIG-20250721-2200;PASIG-20250721-2345,,not_observed,candidate_same_reported_place,not_established,not_established,false
TL-d7106f6de24f5f35,PASIG-2026-AUG29-30,Pasig,Manggahan,"Moscow St. cor Brazil, Greenpark",2,2,2,2026-08-29T20:30:00+08:00,2026-08-29T22:30:00+08:00,2.0,OBS-d1966d8582656f6b;OBS-53c2955706defee1,PASIG-20260829-2030;PASIG-20260829-2230,,not_observed,candidate_same_reported_place,not_established,not_established,false
TL-d7ccd4c8de1d5f92,PASIG-2025-JUL21-25,Pasig,Manggahan,"Guatemala St. cor. Rome St., Brgy. Manggahan",3,3,3,2025-07-21T19:00:00+08:00,2025-07-21T23:45:00+08:00,4.75,OBS-8517bd96eca9bd3a;OBS-f3b0563ea0da0e96;OBS-a23028d662501a20,PASIG-20250721-1900;PASIG-20250721-2200;PASIG-20250721-2345,,not_observed,candidate_same_reported_place,not_established,not_established,false
TL-d9de63abf43f2b99,PASIG-2026-AUG17-18,Pasig,Palatiw,F. Soriano - Bolante,1,1,1,2026-08-17T20:30:00+08:00,2026-08-17T20:30:00+08:00,0.0,OBS-d5ac98c7a0a442a5,GMA-20260817-998778,,not_observed,candidate_same_reported_place,not_established,not_established,false
TL-de1a7901da7294d1,PASIG-2026-AUG29-30,Pasig,Sta. Lucia,Maharlikha St.,3,3,3,2026-08-29T20:30:00+08:00,2026-08-30T05:00:00+08:00,8.5,OBS-cfa86e82c6e3bbaa;OBS-4ce9969fc0763a85;OBS-c98cb99ba55d1b16,PASIG-20260829-2030;PASIG-20260829-2230;PASIG-20260830-1100,INC-2426ac9069657ba3,uncertain_summary_link,candidate_same_reported_place,not_established,not_established,false
TL-df03987319abf294,PASIG-2026-AUG17-18,Pasig,Maybunga,San Antonio Abad,2,2,2,2026-08-17T20:30:00+08:00,2026-08-18T00:30:00+08:00,4.0,OBS-5e7cb8780fdb465b;OBS-b79ac055f994c225,GMA-20260817-998778;PASIG-20260818-0030,,not_observed,candidate_same_reported_place,not_established,not_established,false
TL-df1826cb86b9b3f5,PASIG-2026-AUG17-18,Pasig,Sta. Lucia,Bautista St,1,1,1,2026-08-17T20:30:00+08:00,2026-08-17T20:30:00+08:00,0.0,OBS-c7c886446a7d9670,GMA-20260817-998778,,not_observed,candidate_same_reported_place,not_established,not_established,false
TL-e1317a30c79b0410,PASIG-2026-AUG17-18,Pasig,Santolan,Doroteo Court,2,2,2,2026-08-17T20:30:00+08:00,2026-08-18T00:30:00+08:00,4.0,OBS-041c36c4c912c778;OBS-d41d19c6accac16d,GMA-20260817-998778;PASIG-20260818-0030,,not_observed,candidate_same_reported_place,not_established,not_established,false
TL-e1448bafc89234f9,PASIG-2026-AUG17-18,Pasig,Manggahan,Soliven Ave.,1,1,1,2026-08-17T20:30:00+08:00,2026-08-17T20:30:00+08:00,0.0,OBS-0b81aecc0d12865a,GMA-20260817-998778,,not_observed,candidate_same_reported_place,not_established,not_established,false
TL-e15e666c659a6bb7,PASIG-2026-AUG17-18,Pasig,Sta. Lucia,Metropolis Callos Compound,3,3,3,2026-08-17T20:30:00+08:00,2026-08-18T04:30:00+08:00,8.0,OBS-b2e6f9585a2c914d;OBS-ae6f2f640628331b;OBS-1fb967ecab28a189,GMA-20260817-998778;PASIG-20260818-0030;PASIG-20260818-0430,,not_observed,candidate_same_reported_place,not_established,not_established,false
TL-e18f96b1841a5d47,PASIG-2026-AUG17-18,Pasig,Sta. Lucia,Champaca,1,1,1,2026-08-18T00:30:00+08:00,2026-08-18T00:30:00+08:00,0.0,OBS-b6c8a83796741ad0,PASIG-20260818-0030,,not_observed,candidate_same_reported_place,not_established,not_established,false
TL-e4670961d81bfee2,PASIG-2025-JUL21-25,Pasig,Santolan,"Natasha St. (Sgt. De Leon), Brgy. Santolan",3,3,3,2025-07-21T19:00:00+08:00,2025-07-21T23:45:00+08:00,4.75,OBS-2b6faab404183fce;OBS-dca21ca2863ca51c;OBS-a2b85cd64bdeafb6,PASIG-20250721-1900;PASIG-20250721-2200;PASIG-20250721-2345,,not_observed,candidate_same_reported_place,not_established,not_established,false
TL-e5e01ac8c32df92d,PASIG-2025-JUL21-25,Pasig,Manggahan,"1st Street, Trinidad Homes, Brgy. Manggahan",1,1,1,2025-07-23T09:00:00+08:00,2025-07-23T09:00:00+08:00,0.0,OBS-183ecb93c89b72b0,PASIG-20250723-0900,,not_observed,candidate_same_reported_place,not_established,not_established,false
TL-e685e98b476ffdd8,PASIG-2026-AUG29-30,Pasig,Sumilang,Katwiran St.,2,2,2,2026-08-29T20:30:00+08:00,2026-08-29T22:30:00+08:00,2.0,OBS-6226f3977fc236f5;OBS-8bd73bbf73a6f02b,PASIG-20260829-2030;PASIG-20260829-2230,,not_observed,candidate_same_reported_place,not_established,not_established,false
TL-e8cfba063fd2988f,PASIG-2026-AUG29-30,Pasig,Sta. Lucia,Rosario 5 & 6 Masagana Ext.,3,3,3,2026-08-29T20:30:00+08:00,2026-08-30T05:00:00+08:00,8.5,OBS-a692ba35f9008692;OBS-7d8ac0bb869c59bb;OBS-be9b1aa427654a5d,PASIG-20260829-2030;PASIG-20260829-2230;PASIG-20260830-1100,INC-2cebbda52ea120b2,uncertain_summary_link,candidate_same_reported_place,not_established,not_established,false
TL-e99d9f877e5d7d15,PASIG-2026-AUG29-30,Pasig,Santolan,Doroteo St.,1,1,1,2026-08-29T20:30:00+08:00,2026-08-29T20:30:00+08:00,0.0,OBS-1afb2d10ebe909b4,PASIG-20260829-2030,,not_observed,candidate_same_reported_place,not_established,not_established,false
TL-ea80f0497c6fa111,PASIG-2026-AUG29-30,Pasig,Manggahan,Capetown cor. San Salvador,2,2,2,2026-08-29T20:30:00+08:00,2026-08-29T22:30:00+08:00,2.0,OBS-30304e2ede3dabd9;OBS-7de7c79f35f64fc1,PASIG-20260829-2030;PASIG-20260829-2230,,not_observed,candidate_same_reported_place,not_established,not_established,false
TL-ec7d315160976ee0,PASIG-2026-AUG29-30,Pasig,Santolan,A. Victorino St.,3,3,3,2026-08-29T20:30:00+08:00,2026-08-30T05:00:00+08:00,8.5,OBS-8ec75adef1d1c0bb;OBS-2a550348b4987cf0;OBS-0b788fda06cf64fe,PASIG-20260829-2030;PASIG-20260829-2230;PASIG-20260830-1100,INC-86e1075032a32781,uncertain_summary_link,candidate_same_reported_place,not_established,not_established,false
TL-ec91d1a585cb47e2,PASIG-2024-SEP02-03,Pasig,Dela Paz,"Along F. Mariano, Brgy. Dela Paz",2,2,2,2024-09-02T10:30:00+08:00,2024-09-02T11:30:00+08:00,1.0,OBS-c7c3d8590df9c7b1;OBS-fd6bd18c70e0c59b,PASIG-20240902-2100,,not_observed,candidate_same_reported_place,not_established,not_established,false
TL-ece60e732762a95d,PASIG-2026-AUG17-18,Pasig,San Miguel,Villa Eusebio,2,2,2,2026-08-17T20:30:00+08:00,2026-08-18T00:30:00+08:00,4.0,OBS-cd38dc43c84f6f7c;OBS-a9fd99a73ecee909,GMA-20260817-998778;PASIG-20260818-0030,,not_observed,candidate_same_reported_place,not_established,not_established,false
TL-ed304fbce2bf5403,PASIG-2026-AUG17-18,Pasig,Santolan,Doroteo Ext. cor Villa Doroteo,2,2,2,2026-08-17T20:30:00+08:00,2026-08-18T00:30:00+08:00,4.0,OBS-ae4cf92a7b6de3ac;OBS-b8b7945ec173f21e,GMA-20260817-998778;PASIG-20260818-0030,,not_observed,candidate_same_reported_place,not_established,not_established,false
TL-ee8f928885097b0a,PASIG-2026-AUG29-30,Pasig,Sta. Lucia,Mayumi St.,3,3,3,2026-08-29T20:30:00+08:00,2026-08-30T05:00:00+08:00,8.5,OBS-0c3ba0b31a807bcd;OBS-16f58b9b466d6695;OBS-8a0586bf0f128304,PASIG-20260829-2030;PASIG-20260829-2230;PASIG-20260830-1100,INC-6ef77703ff086416,uncertain_summary_link,candidate_same_reported_place,not_established,not_established,false
TL-ee99bb1819c431d1,PASIG-2026-AUG17-18,Pasig,Sta. Lucia,Rosorio 6,1,1,1,2026-08-17T20:30:00+08:00,2026-08-17T20:30:00+08:00,0.0,OBS-c5345e9d968868ad,GMA-20260817-998778,,not_observed,candidate_same_reported_place,not_established,not_established,false
TL-eee0c9aaa2fd8336,PASIG-2026-AUG29-30,Pasig,Sta. Lucia,Asuzena St.,3,3,3,2026-08-29T20:30:00+08:00,2026-08-30T05:00:00+08:00,8.5,OBS-bb1a46030041de99;OBS-72b9688b1eb350a9;OBS-67a2b83b5151e7a8,PASIG-20260829-2030;PASIG-20260829-2230;PASIG-20260830-1100,INC-88e154fb6acf748f,uncertain_summary_link,candidate_same_reported_place,not_established,not_established,false
TL-ef482c0a7f611180,PASIG-2024-JUL24-25,Pasig,Ugong,Eagle St. Cor C5 Rd - Brgy. Ugong;Eagle St. cor. C5 Rd. - Brgy.Ugong;Eagle st cor C5 rd. Brgy.Ugong,4,4,4,2024-07-24T14:00:00+08:00,2024-07-24T18:00:00+08:00,4.0,OBS-599a2e2b72850062;OBS-5a353dafeacbd679;OBS-08083b49f25dc0a4;OBS-3293624852e0dc9b,PASIG-20240725-0400,,not_observed,candidate_same_reported_place,not_established,not_established,false
TL-efab35624d61a259,PASIG-2026-AUG29-30,Pasig,Santolan,E. Conception St.,1,1,1,2026-08-29T20:30:00+08:00,2026-08-29T20:30:00+08:00,0.0,OBS-cca8efbac8861172,PASIG-20260829-2030,,not_observed,candidate_same_reported_place,not_established,not_established,false
TL-f22c044698fb9e01,PASIG-2026-AUG17-18,Pasig,Manggahan,Brisbane St,1,1,1,2026-08-17T20:30:00+08:00,2026-08-17T20:30:00+08:00,0.0,OBS-c2afbe51cb247c9f,GMA-20260817-998778,,not_observed,candidate_same_reported_place,not_established,not_established,false
TL-f245e05fb4e502ba,PASIG-2025-JUL21-25,Pasig,Dela Paz,"Yap Compound Katipiran St., Brgy. Dela Paz",3,3,3,2025-07-21T19:00:00+08:00,2025-07-21T23:45:00+08:00,4.75,OBS-b4645b99d8743649;OBS-bedc6d864fe0f70c;OBS-9be14956d674146b,PASIG-20250721-1900;PASIG-20250721-2200;PASIG-20250721-2345,,not_observed,candidate_same_reported_place,not_established,not_established,false
TL-f3176d5a250ab6df,PASIG-2026-AUG29-30,Pasig,Sumilang,Dos De Julio St.,2,2,2,2026-08-29T20:30:00+08:00,2026-08-29T22:30:00+08:00,2.0,OBS-ddb6188a545381a7;OBS-85ef363f3cf4b975,PASIG-20260829-2030;PASIG-20260829-2230,,not_observed,candidate_same_reported_place,not_established,not_established,false
TL-f31e6be340fdf995,PASIG-2026-AUG17-18,Pasig,Pinagbuhatan,"Gladiola St., Garden Royalle Villas",1,1,1,2026-08-17T20:30:00+08:00,2026-08-17T20:30:00+08:00,0.0,OBS-987f69c9a0bf5dd7,GMA-20260817-998778,,not_observed,candidate_same_reported_place,not_established,not_established,false
TL-f3556e41b4bf3515,PASIG-2024-SEP02-03,Pasig,Manggahan,"Washington cor Bern, Brgy. Manggahan;Washington cor. Bern, Brgy. Manggahan",5,5,5,2024-09-02T10:30:00+08:00,2024-09-02T15:00:00+08:00,4.5,OBS-ffa40c71dc44f8f6;OBS-0d5b73669dcb3e92;OBS-1509332edb448d0f;OBS-0b8567caffa56fa6;OBS-c6edb9da89360906,PASIG-20240902-2100,,not_observed,candidate_same_reported_place,not_established,not_established,false
TL-f44ed8f6d47623aa,PASIG-2026-AUG17-18,Pasig,Sta. Lucia,Azucena St.,2,2,2,2026-08-17T20:30:00+08:00,2026-08-18T00:30:00+08:00,4.0,OBS-c38a5f0bfccd5cbb;OBS-beadd0267ba7bdde,GMA-20260817-998778;PASIG-20260818-0030,,not_observed,candidate_same_reported_place,not_established,not_established,false
TL-f6340f1f41fa77e3,PASIG-2026-AUG29-30,Pasig,Sumilang,Magtanggol St.,2,2,2,2026-08-29T20:30:00+08:00,2026-08-29T22:30:00+08:00,2.0,OBS-5c6efe2e15e91940;OBS-832f91fb886095a1,PASIG-20260829-2030;PASIG-20260829-2230,,not_observed,candidate_same_reported_place,not_established,not_established,false
TL-f64445703e78a2ee,PASIG-2025-JUL21-25,Pasig,Santolan,Sgt. De Leon. Brgy. Santolan.,3,3,3,2025-07-21T19:00:00+08:00,2025-07-21T23:45:00+08:00,4.75,OBS-80510b2886557344;OBS-34ad721ad870cdba;OBS-d3834c14ba879278,PASIG-20250721-1900;PASIG-20250721-2200;PASIG-20250721-2345,,not_observed,candidate_same_reported_place,not_established,not_established,false
TL-f76bbb52660f0b45,NCR-2022-JUL30-ESTER,Pasig,,C5 Eagle Ave (northbound),1,1,1,2022-07-30T13:18:00+08:00,2022-07-30T13:18:00+08:00,0.0,OBS-6c745cd6bb2fd191,GMA-20220730-839934,,not_observed,uncertain_alias_or_cross_day_identity,not_established,not_established,false
TL-f8064811f4609003,PASIG-2025-JUL21-25,Pasig,Manggahan,"Kaunlaran St., Brgy. Manggahan",1,1,1,2025-07-23T09:00:00+08:00,2025-07-23T09:00:00+08:00,0.0,OBS-4bbd1d1c11a33cba,PASIG-20250723-0900,,not_observed,candidate_same_reported_place,not_established,not_established,false
TL-f8f9f43ad81a39eb,PASIG-2025-JUL21-25,Pasig,Sta. Lucia,"Metropolis 1, Brgy. Sta. Lucia",2,2,2,2025-07-21T22:00:00+08:00,2025-07-21T23:45:00+08:00,1.75,OBS-f8b38925d3175662;OBS-a7a8542a83f7c27f,PASIG-20250721-2200;PASIG-20250721-2345,,not_observed,candidate_same_reported_place,not_established,not_established,false
TL-faf8f49f29c0e7a3,PASIG-2026-AUG10-11,Pasig,Maybunga,"Block 1 Alley 8, Westbank Road Floodway",2,2,2,2026-08-10T00:30:00+08:00,2026-08-11T05:30:00+08:00,29.0,OBS-3889296f03254877;OBS-c1d927e56acb60ef,PASIG-20260810-0030;PASIG-20260811-0950,INC-35abb5e4b13cc5b9,uncertain_summary_link,candidate_same_reported_place,not_established,not_established,false
TL-fc3c9c92b4628ba6,PASIG-2026-AUG29-30,Pasig,Manggahan,Panama St. Cor Paris,2,2,2,2026-08-29T20:30:00+08:00,2026-08-29T22:30:00+08:00,2.0,OBS-f0855abeaa55f96b;OBS-abaf5fcd91345e9a,PASIG-20260829-2030;PASIG-20260829-2230,,not_observed,candidate_same_reported_place,not_established,not_established,false
TL-fdbf7d918e79a42f,PASIG-2024-SEP02-03,Pasig,Dela Paz,"Kahabaan ng F. Mariano, Brgy. Dela Paz",1,1,1,2024-09-02T13:00:00+08:00,2024-09-02T13:00:00+08:00,0.0,OBS-d3a152b2e396548c,PASIG-20240902-2100,,not_observed,candidate_same_reported_place,not_established,not_established,false
TL-fdd4a279346e1a19,PASIG-2026-AUG17-18,Pasig,Bagong Katipunan,A. Bonifacio St.,1,1,1,2026-08-17T20:30:00+08:00,2026-08-17T20:30:00+08:00,0.0,OBS-57b8b851b0e48ff2,GMA-20260817-998778,,not_observed,candidate_same_reported_place,not_established,not_established,false
TL-fde9f5259488bcaa,PASIG-2024-JUL24-25,Pasig,Maybunga,Jenny's Ave - Brgy. Maybunga;Jenny's Ave. - Brgy. Maybunga;Jenny's ave Brgy. Maybunga,7,7,7,2024-07-24T09:00:00+08:00,2024-07-24T20:00:00+08:00,11.0,OBS-6c59b9924c2bbe93;OBS-baf599444b2e0d4d;OBS-6c5c2330b605f15f;OBS-87b26c545642d9d0;OBS-4fbc08fb414ee269;OBS-1b5c5daeb48656ff;OBS-3d510e174836e31e,PASIG-20240725-0400,,not_observed,candidate_same_reported_place,not_established,not_established,false
