rule_id,source_id,capture_version,source_page,evidence,city,barangay,location_raw,observation_date,reported_occurrence_at,latest_status_raw,geography_basis,observation_id,source_url,publisher,source_version,source_bundle,observation_at,status,depth_raw,depth_cm_low,depth_cm_high,passability_raw,flags,latest_status_as_of,review_status,clock_basis,episode_group,source_capture_path,evidence_status,analysis_role,remaining_time_label_status,reason,training_admitted
NDRRMC-20210801-FABIAN-SITREP10-P47-03,NDRRMC-20210801-FABIAN-SITREP10,70705fc29490,47,San Joaquin                                 Flooded Areas               25 July 2021               10:00 am                                                                                                      Subsided,Pasig,,San Joaquin,2021-07-25,2021-07-25T10:00:00+08:00,Subsided,Explicit city heading in NDRRMC Related Incidents table; reported area names retained without inventing barangays,DOC-745ddc305aa2c995,https://adinet.ahacentre.org/assets/uploads/supported_doc/20210802-SITUATION_REPORT_TCFABIAN-SWMonsoon-Aug1.pdf,NDRRMC; public copy hosted by ASEAN AHA Centre,70705fc29490,docs/evaluations/metro-manila-flood-duration-20261004,,historical_flood_incident_reported,,,,,occurrence_not_clearance_clock;barangay_or_area_scope_not_road_section,2021-08-01T08:00:00+08:00,document_reviewed_candidate_not_training_admitted,Table occurrence time retained separately; status update clock unknown,NCR-2021-FABIAN-HABAGAT,docs/evaluations/metro-manila-flood-duration-20261004/sources/NDRRMC-20210801-FABIAN-SITREP10.70705fc29490.txt,usable,historical_occurrence_and_status_context,excluded_no_timed_wet_snapshot_or_location_clearance_clock,Occurrence clock is not a wet follow-up; latest Subsided is an untimed status. Report issue time cannot establish exact clearance or observation-reference duration.,false
NDRRMC-20210801-FABIAN-SITREP10-P47-04,NDRRMC-20210801-FABIAN-SITREP10,70705fc29490,47,Karangalan Village                                 Flooded Areas               25 July 2021               10:00 am                                                                                                      Subsided,Pasig,,Karangalan Village,2021-07-25,2021-07-25T10:00:00+08:00,Subsided,Explicit city heading in NDRRMC Related Incidents table; reported area names retained without inventing barangays,DOC-05f2a321728f5794,https://adinet.ahacentre.org/assets/uploads/supported_doc/20210802-SITUATION_REPORT_TCFABIAN-SWMonsoon-Aug1.pdf,NDRRMC; public copy hosted by ASEAN AHA Centre,70705fc29490,docs/evaluations/metro-manila-flood-duration-20261004,,historical_flood_incident_reported,,,,,occurrence_not_clearance_clock;barangay_or_area_scope_not_road_section,2021-08-01T08:00:00+08:00,document_reviewed_candidate_not_training_admitted,Table occurrence time retained separately; status update clock unknown,NCR-2021-FABIAN-HABAGAT,docs/evaluations/metro-manila-flood-duration-20261004/sources/NDRRMC-20210801-FABIAN-SITREP10.70705fc29490.txt,usable,historical_occurrence_and_status_context,excluded_no_timed_wet_snapshot_or_location_clearance_clock,Occurrence clock is not a wet follow-up; latest Subsided is an untimed status. Report issue time cannot establish exact clearance or observation-reference duration.,false
NDRRMC-20210801-FABIAN-SITREP10-P47-05,NDRRMC-20210801-FABIAN-SITREP10,70705fc29490,47,Palingon                                Flooded Areas               25 July 2021               08:30 am                                                                                                      Subsided,Pasig,,Palingon,2021-07-25,2021-07-25T08:30:00+08:00,Subsided,Explicit city heading in NDRRMC Related Incidents table; reported area names retained without inventing barangays,DOC-7fc26e5753edcaec,https://adinet.ahacentre.org/assets/uploads/supported_doc/20210802-SITUATION_REPORT_TCFABIAN-SWMonsoon-Aug1.pdf,NDRRMC; public copy hosted by ASEAN AHA Centre,70705fc29490,docs/evaluations/metro-manila-flood-duration-20261004,,historical_flood_incident_reported,,,,,occurrence_not_clearance_clock;barangay_or_area_scope_not_road_section,2021-08-01T08:00:00+08:00,document_reviewed_candidate_not_training_admitted,Table occurrence time retained separately; status update clock unknown,NCR-2021-FABIAN-HABAGAT,docs/evaluations/metro-manila-flood-duration-20261004/sources/NDRRMC-20210801-FABIAN-SITREP10.70705fc29490.txt,usable,historical_occurrence_and_status_context,excluded_no_timed_wet_snapshot_or_location_clearance_clock,Occurrence clock is not a wet follow-up; latest Subsided is an untimed status. Report issue time cannot establish exact clearance or observation-reference duration.,false
NDRRMC-20210801-FABIAN-SITREP10-P47-06,NDRRMC-20210801-FABIAN-SITREP10,70705fc29490,47,San Miguel                                 Flooded Areas               23 July 2021               05:57 pm                                                                                                      Subsided,Pasig,,San Miguel,2021-07-23,2021-07-23T17:57:00+08:00,Subsided,Explicit city heading in NDRRMC Related Incidents table; reported area names retained without inventing barangays,DOC-ba36db6e102b8e16,https://adinet.ahacentre.org/assets/uploads/supported_doc/20210802-SITUATION_REPORT_TCFABIAN-SWMonsoon-Aug1.pdf,NDRRMC; public copy hosted by ASEAN AHA Centre,70705fc29490,docs/evaluations/metro-manila-flood-duration-20261004,,historical_flood_incident_reported,,,,,occurrence_not_clearance_clock;barangay_or_area_scope_not_road_section,2021-08-01T08:00:00+08:00,document_reviewed_candidate_not_training_admitted,Table occurrence time retained separately; status update clock unknown,NCR-2021-FABIAN-HABAGAT,docs/evaluations/metro-manila-flood-duration-20261004/sources/NDRRMC-20210801-FABIAN-SITREP10.70705fc29490.txt,usable,historical_occurrence_and_status_context,excluded_no_timed_wet_snapshot_or_location_clearance_clock,Occurrence clock is not a wet follow-up; latest Subsided is an untimed status. Report issue time cannot establish exact clearance or observation-reference duration.,false
NDRRMC-20210801-FABIAN-SITREP10-P47-07,NDRRMC-20210801-FABIAN-SITREP10,70705fc29490,47,Manggahan                                   Flooded Areas               24 July 2021               11:02 am                                                                                                      Subsided,Pasig,,Manggahan,2021-07-24,2021-07-24T11:02:00+08:00,Subsided,Explicit city heading in NDRRMC Related Incidents table; reported area names retained without inventing barangays,DOC-c5a7c781b1915542,https://adinet.ahacentre.org/assets/uploads/supported_doc/20210802-SITUATION_REPORT_TCFABIAN-SWMonsoon-Aug1.pdf,NDRRMC; public copy hosted by ASEAN AHA Centre,70705fc29490,docs/evaluations/metro-manila-flood-duration-20261004,,historical_flood_incident_reported,,,,,occurrence_not_clearance_clock;barangay_or_area_scope_not_road_section,2021-08-01T08:00:00+08:00,document_reviewed_candidate_not_training_admitted,Table occurrence time retained separately; status update clock unknown,NCR-2021-FABIAN-HABAGAT,docs/evaluations/metro-manila-flood-duration-20261004/sources/NDRRMC-20210801-FABIAN-SITREP10.70705fc29490.txt,usable,historical_occurrence_and_status_context,excluded_no_timed_wet_snapshot_or_location_clearance_clock,Occurrence clock is not a wet follow-up; latest Subsided is an untimed status. Report issue time cannot establish exact clearance or observation-reference duration.,false
NDRRMC-20210801-FABIAN-SITREP10-P47-08,NDRRMC-20210801-FABIAN-SITREP10,70705fc29490,47,Rosario                                Flooded Areas               24 July 2021               09:44 pm                                                                                                      Subsided,Pasig,,Rosario,2021-07-24,2021-07-24T21:44:00+08:00,Subsided,Explicit city heading in NDRRMC Related Incidents table; reported area names retained without inventing barangays,DOC-fc29e6def8c17833,https://adinet.ahacentre.org/assets/uploads/supported_doc/20210802-SITUATION_REPORT_TCFABIAN-SWMonsoon-Aug1.pdf,NDRRMC; public copy hosted by ASEAN AHA Centre,70705fc29490,docs/evaluations/metro-manila-flood-duration-20261004,,historical_flood_incident_reported,,,,,occurrence_not_clearance_clock;barangay_or_area_scope_not_road_section,2021-08-01T08:00:00+08:00,document_reviewed_candidate_not_training_admitted,Table occurrence time retained separately; status update clock unknown,NCR-2021-FABIAN-HABAGAT,docs/evaluations/metro-manila-flood-duration-20261004/sources/NDRRMC-20210801-FABIAN-SITREP10.70705fc29490.txt,usable,historical_occurrence_and_status_context,excluded_no_timed_wet_snapshot_or_location_clearance_clock,Occurrence clock is not a wet follow-up; latest Subsided is an untimed status. Report issue time cannot establish exact clearance or observation-reference duration.,false
NDRRMC-20210801-FABIAN-SITREP10-P47-09,NDRRMC-20210801-FABIAN-SITREP10,70705fc29490,47,Palatiw                                Flooded Areas               24 July 2021               11:44 pm                                                                                                      Subsided,Pasig,,Palatiw,2021-07-24,2021-07-24T23:44:00+08:00,Subsided,Explicit city heading in NDRRMC Related Incidents table; reported area names retained without inventing barangays,DOC-2c8fb9ec781f557d,https://adinet.ahacentre.org/assets/uploads/supported_doc/20210802-SITUATION_REPORT_TCFABIAN-SWMonsoon-Aug1.pdf,NDRRMC; public copy hosted by ASEAN AHA Centre,70705fc29490,docs/evaluations/metro-manila-flood-duration-20261004,,historical_flood_incident_reported,,,,,occurrence_not_clearance_clock;barangay_or_area_scope_not_road_section,2021-08-01T08:00:00+08:00,document_reviewed_candidate_not_training_admitted,Table occurrence time retained separately; status update clock unknown,NCR-2021-FABIAN-HABAGAT,docs/evaluations/metro-manila-flood-duration-20261004/sources/NDRRMC-20210801-FABIAN-SITREP10.70705fc29490.txt,usable,historical_occurrence_and_status_context,excluded_no_timed_wet_snapshot_or_location_clearance_clock,Occurrence clock is not a wet follow-up; latest Subsided is an untimed status. Report issue time cannot establish exact clearance or observation-reference duration.,false
NDRRMC-20210801-FABIAN-SITREP10-P47-10,NDRRMC-20210801-FABIAN-SITREP10,70705fc29490,47,San Nicolas                                 Flooded Areas               24 July 2021               12:11 am                                                                                                      Subsided,Pasig,,San Nicolas,2021-07-24,2021-07-24T00:11:00+08:00,Subsided,Explicit city heading in NDRRMC Related Incidents table; reported area names retained without inventing barangays,DOC-97b7d396edf3c596,https://adinet.ahacentre.org/assets/uploads/supported_doc/20210802-SITUATION_REPORT_TCFABIAN-SWMonsoon-Aug1.pdf,NDRRMC; public copy hosted by ASEAN AHA Centre,70705fc29490,docs/evaluations/metro-manila-flood-duration-20261004,,historical_flood_incident_reported,,,,,occurrence_not_clearance_clock;barangay_or_area_scope_not_road_section,2021-08-01T08:00:00+08:00,document_reviewed_candidate_not_training_admitted,Table occurrence time retained separately; status update clock unknown,NCR-2021-FABIAN-HABAGAT,docs/evaluations/metro-manila-flood-duration-20261004/sources/NDRRMC-20210801-FABIAN-SITREP10.70705fc29490.txt,usable,historical_occurrence_and_status_context,excluded_no_timed_wet_snapshot_or_location_clearance_clock,Occurrence clock is not a wet follow-up; latest Subsided is an untimed status. Report issue time cannot establish exact clearance or observation-reference duration.,false
NDRRMC-20210801-FABIAN-SITREP10-P47-11,NDRRMC-20210801-FABIAN-SITREP10,70705fc29490,47,Sta. Lucia                                Flooded Areas               24 July 2021               12:16 am                                                                                                      Subsided,Pasig,,Sta. Lucia,2021-07-24,2021-07-24T00:16:00+08:00,Subsided,Explicit city heading in NDRRMC Related Incidents table; reported area names retained without inventing barangays,DOC-61e33b7f2ef5d1a2,https://adinet.ahacentre.org/assets/uploads/supported_doc/20210802-SITUATION_REPORT_TCFABIAN-SWMonsoon-Aug1.pdf,NDRRMC; public copy hosted by ASEAN AHA Centre,70705fc29490,docs/evaluations/metro-manila-flood-duration-20261004,,historical_flood_incident_reported,,,,,occurrence_not_clearance_clock;barangay_or_area_scope_not_road_section,2021-08-01T08:00:00+08:00,document_reviewed_candidate_not_training_admitted,Table occurrence time retained separately; status update clock unknown,NCR-2021-FABIAN-HABAGAT,docs/evaluations/metro-manila-flood-duration-20261004/sources/NDRRMC-20210801-FABIAN-SITREP10.70705fc29490.txt,usable,historical_occurrence_and_status_context,excluded_no_timed_wet_snapshot_or_location_clearance_clock,Occurrence clock is not a wet follow-up; latest Subsided is an untimed status. Report issue time cannot establish exact clearance or observation-reference duration.,false
NDRRMC-20210801-FABIAN-SITREP10-P47-12,NDRRMC-20210801-FABIAN-SITREP10,70705fc29490,47,Pinagbuhatan                                  Flooded Areas               24 July 2021               01:14 am                                                                                                      Subsided,Pasig,,Pinagbuhatan,2021-07-24,2021-07-24T01:14:00+08:00,Subsided,Explicit city heading in NDRRMC Related Incidents table; reported area names retained without inventing barangays,DOC-0781ea13194f0828,https://adinet.ahacentre.org/assets/uploads/supported_doc/20210802-SITUATION_REPORT_TCFABIAN-SWMonsoon-Aug1.pdf,NDRRMC; public copy hosted by ASEAN AHA Centre,70705fc29490,docs/evaluations/metro-manila-flood-duration-20261004,,historical_flood_incident_reported,,,,,occurrence_not_clearance_clock;barangay_or_area_scope_not_road_section,2021-08-01T08:00:00+08:00,document_reviewed_candidate_not_training_admitted,Table occurrence time retained separately; status update clock unknown,NCR-2021-FABIAN-HABAGAT,docs/evaluations/metro-manila-flood-duration-20261004/sources/NDRRMC-20210801-FABIAN-SITREP10.70705fc29490.txt,usable,historical_occurrence_and_status_context,excluded_no_timed_wet_snapshot_or_location_clearance_clock,Occurrence clock is not a wet follow-up; latest Subsided is an untimed status. Report issue time cannot establish exact clearance or observation-reference duration.,false
NDRRMC-20210801-FABIAN-SITREP10-P47-13,NDRRMC-20210801-FABIAN-SITREP10,70705fc29490,47,Maybunga                                  Flooded Areas               24 July 2021               03:18 am                                                                                                      Subsided,Pasig,,Maybunga,2021-07-24,2021-07-24T03:18:00+08:00,Subsided,Explicit city heading in NDRRMC Related Incidents table; reported area names retained without inventing barangays,DOC-50539292c339ed35,https://adinet.ahacentre.org/assets/uploads/supported_doc/20210802-SITUATION_REPORT_TCFABIAN-SWMonsoon-Aug1.pdf,NDRRMC; public copy hosted by ASEAN AHA Centre,70705fc29490,docs/evaluations/metro-manila-flood-duration-20261004,,historical_flood_incident_reported,,,,,occurrence_not_clearance_clock;barangay_or_area_scope_not_road_section,2021-08-01T08:00:00+08:00,document_reviewed_candidate_not_training_admitted,Table occurrence time retained separately; status update clock unknown,NCR-2021-FABIAN-HABAGAT,docs/evaluations/metro-manila-flood-duration-20261004/sources/NDRRMC-20210801-FABIAN-SITREP10.70705fc29490.txt,usable,historical_occurrence_and_status_context,excluded_no_timed_wet_snapshot_or_location_clearance_clock,Occurrence clock is not a wet follow-up; latest Subsided is an untimed status. Report issue time cannot establish exact clearance or observation-reference duration.,false
NDRRMC-20210801-FABIAN-SITREP10-P47-14,NDRRMC-20210801-FABIAN-SITREP10,70705fc29490,47,Dela Paz                                 Flooded Areas               24 July 2021               10:10 am                                                                                                      Subsided,Pasig,,Dela Paz,2021-07-24,2021-07-24T10:10:00+08:00,Subsided,Explicit city heading in NDRRMC Related Incidents table; reported area names retained without inventing barangays,DOC-a46cdd5972db6d45,https://adinet.ahacentre.org/assets/uploads/supported_doc/20210802-SITUATION_REPORT_TCFABIAN-SWMonsoon-Aug1.pdf,NDRRMC; public copy hosted by ASEAN AHA Centre,70705fc29490,docs/evaluations/metro-manila-flood-duration-20261004,,historical_flood_incident_reported,,,,,occurrence_not_clearance_clock;barangay_or_area_scope_not_road_section,2021-08-01T08:00:00+08:00,document_reviewed_candidate_not_training_admitted,Table occurrence time retained separately; status update clock unknown,NCR-2021-FABIAN-HABAGAT,docs/evaluations/metro-manila-flood-duration-20261004/sources/NDRRMC-20210801-FABIAN-SITREP10.70705fc29490.txt,usable,historical_occurrence_and_status_context,excluded_no_timed_wet_snapshot_or_location_clearance_clock,Occurrence clock is not a wet follow-up; latest Subsided is an untimed status. Report issue time cannot establish exact clearance or observation-reference duration.,false
